# ;;;;;;Nedladdat från datavärdskapet för luft, SMHI, http://www.smhi.se/datavardluft, 2020-09-19 11:47:34
# ;;;;;;Tidsangivelser i UTC+1, Svensk normaltid
#
#Stationsnamn;Nationell stationskod;Klassificering;Longitud;Latitud
#Stockholm Folkungagatan 57;155527;Urban Traffic;18.075712;59.314575
#
#Ämne;Ämnesbeskrivning;Enhet;Mäthöjd;Inlet-id
#NO2;Nitrogen dioxide;ug.m-3;3;2085
#NOX as NO2;Nitrogen oxides;ug.m-3;3;2086
#PM10;Particulate matter < 10 µm;ug.m-3;3;2084
#
Start;Slut;NO2 (2085);NOX as NO2 (2086);PM10 (2084)
2018-01-01 00:00;2018-01-01 01:00;21.8;33.8;55.0
2018-01-01 01:00;2018-01-01 02:00;15.6;22.7;9.10
2018-01-01 02:00;2018-01-01 03:00;15.3;19.9;3.00
2018-01-01 03:00;2018-01-01 04:00;13.6;17.2;4.60
2018-01-01 04:00;2018-01-01 05:00;11.9;15.0;4.90
2018-01-01 05:00;2018-01-01 06:00;14.0;17.8;5.40
2018-01-01 06:00;2018-01-01 07:00;18.8;25.7;13.1
2018-01-01 07:00;2018-01-01 08:00;14.9;19.6;4.80
2018-01-01 08:00;2018-01-01 09:00;12.2;15.7;5.40
2018-01-01 09:00;2018-01-01 10:00;12.6;17.3;4.50
2018-01-01 10:00;2018-01-01 11:00;14.0;18.6;5.90
2018-01-01 11:00;2018-01-01 12:00;15.4;22.4;5.10
2018-01-01 12:00;2018-01-01 13:00;14.3;22.9;4.50
2018-01-01 13:00;2018-01-01 14:00;22.5;33.5;3.80
2018-01-01 14:00;2018-01-01 15:00;22.5;35.1;3.70
2018-01-01 15:00;2018-01-01 16:00;51.0;104.9;12.6
2018-01-01 16:00;2018-01-01 17:00;31.5;49.3;6.90
2018-01-01 17:00;2018-01-01 18:00;22.3;33.9;5.90
2018-01-01 18:00;2018-01-01 19:00;24.2;35.1;9.70
2018-01-01 19:00;2018-01-01 20:00;23.4;41.3;10.6
2018-01-01 20:00;2018-01-01 21:00;22.1;37.7;9.00
2018-01-01 21:00;2018-01-01 22:00;17.0;27.8;4.40
2018-01-01 22:00;2018-01-01 23:00;13.5;25.4;3.90
2018-01-01 23:00;2018-01-02 00:00;9.50;20.0;4.40
2018-01-02 00:00;2018-01-02 01:00;9.20;17.4;3.60
2018-01-02 01:00;2018-01-02 02:00;11.7;21.7;2.20
2018-01-02 02:00;2018-01-02 03:00;10.6;16.8;3.20
2018-01-02 03:00;2018-01-02 04:00;12.2;20.0;3.30
2018-01-02 04:00;2018-01-02 05:00;12.4;16.7;3.60
2018-01-02 05:00;2018-01-02 06:00;16.5;22.3;4.00
2018-01-02 06:00;2018-01-02 07:00;27.1;42.0;5.10
2018-01-02 07:00;2018-01-02 08:00;30.3;44.5;4.70
2018-01-02 08:00;2018-01-02 09:00;29.6;46.2;5.70
2018-01-02 09:00;2018-01-02 10:00;31.3;53.0;3.90
2018-01-02 10:00;2018-01-02 11:00;28.7;45.8;5.00
2018-01-02 11:00;2018-01-02 12:00;36.7;68.4;6.20
2018-01-02 12:00;2018-01-02 13:00;28.6;45.2;7.30
2018-01-02 13:00;2018-01-02 14:00;26.4;48.1;6.70
2018-01-02 14:00;2018-01-02 15:00;24.6;37.5;7.40
2018-01-02 15:00;2018-01-02 16:00;23.7;36.9;10.6
2018-01-02 16:00;2018-01-02 17:00;25.1;40.2;13.0
2018-01-02 17:00;2018-01-02 18:00;26.0;44.7;22.6
2018-01-02 18:00;2018-01-02 19:00;28.6;51.8;31.8
2018-01-02 19:00;2018-01-02 20:00;18.9;27.8;19.3
2018-01-02 20:00;2018-01-02 21:00;19.3;32.6;24.2
2018-01-02 21:00;2018-01-02 22:00;15.8;24.0;22.8
2018-01-02 22:00;2018-01-02 23:00;16.7;25.1;20.9
2018-01-02 23:00;2018-01-03 00:00;15.7;26.7;27.1
2018-01-03 00:00;2018-01-03 01:00;13.1;17.7;13.3
2018-01-03 01:00;2018-01-03 02:00;12.7;20.9;23.5
2018-01-03 02:00;2018-01-03 03:00;12.7;18.5;13.7
2018-01-03 03:00;2018-01-03 04:00;14.2;21.2;9.80
2018-01-03 04:00;2018-01-03 05:00;10.8;14.4;6.20
2018-01-03 05:00;2018-01-03 06:00;14.0;18.3;8.60
2018-01-03 06:00;2018-01-03 07:00;25.7;39.1;12.9
2018-01-03 07:00;2018-01-03 08:00;37.1;71.0;17.1
2018-01-03 08:00;2018-01-03 09:00;39.2;79.3;10.7
2018-01-03 09:00;2018-01-03 10:00;39.5;73.0;6.60
2018-01-03 10:00;2018-01-03 11:00;35.2;74.0;6.60
2018-01-03 11:00;2018-01-03 12:00;32.8;60.6;5.40
2018-01-03 12:00;2018-01-03 13:00;46.6;106.0;16.0
2018-01-03 13:00;2018-01-03 14:00;38.4;72.7;12.0
2018-01-03 14:00;2018-01-03 15:00;40.8;82.8;8.60
2018-01-03 15:00;2018-01-03 16:00;52.1;96.0;16.7
2018-01-03 16:00;2018-01-03 17:00;37.8;68.0;10.5
2018-01-03 17:00;2018-01-03 18:00;32.6;57.4;10.3
2018-01-03 18:00;2018-01-03 19:00;39.8;76.8;16.9
2018-01-03 19:00;2018-01-03 20:00;24.3;45.9;13.2
2018-01-03 20:00;2018-01-03 21:00;20.6;41.7;18.2
2018-01-03 21:00;2018-01-03 22:00;21.4;42.4;16.3
2018-01-03 22:00;2018-01-03 23:00;15.3;27.5;7.60
2018-01-03 23:00;2018-01-04 00:00;20.6;38.2;8.50
2018-01-04 00:00;2018-01-04 01:00;13.6;21.1;7.00
2018-01-04 01:00;2018-01-04 02:00;14.3;23.9;9.40
2018-01-04 02:00;2018-01-04 03:00;11.7;18.6;7.60
2018-01-04 03:00;2018-01-04 04:00;8.80;14.7;7.30
2018-01-04 04:00;2018-01-04 05:00;10.8;19.4;7.80
2018-01-04 05:00;2018-01-04 06:00;11.8;19.7;5.90
2018-01-04 06:00;2018-01-04 07:00;31.1;68.0;7.80
2018-01-04 07:00;2018-01-04 08:00;38.0;89.9;8.90
2018-01-04 08:00;2018-01-04 09:00;45.0;119.3;9.80
2018-01-04 09:00;2018-01-04 10:00;38.6;95.6;9.70
2018-01-04 10:00;2018-01-04 11:00;41.4;107.5;8.60
2018-01-04 11:00;2018-01-04 12:00;43.6;125.2;7.30
2018-01-04 12:00;2018-01-04 13:00;48.1;162.1;7.40
2018-01-04 13:00;2018-01-04 14:00;48.8;142.6;7.00
2018-01-04 14:00;2018-01-04 15:00;40.5;120.6;7.10
2018-01-04 15:00;2018-01-04 16:00;49.8;166.8;9.00
2018-01-04 16:00;2018-01-04 17:00;53.2;176.7;9.90
2018-01-04 17:00;2018-01-04 18:00;50.7;151.0;8.50
2018-01-04 18:00;2018-01-04 19:00;47.6;146.7;9.40
2018-01-04 19:00;2018-01-04 20:00;34.6;92.8;7.50
2018-01-04 20:00;2018-01-04 21:00;36.5;109.7;7.70
2018-01-04 21:00;2018-01-04 22:00;28.7;78.6;6.70
2018-01-04 22:00;2018-01-04 23:00;26.4;70.8;3.80
2018-01-04 23:00;2018-01-05 00:00;22.1;54.7;4.40
2018-01-05 00:00;2018-01-05 01:00;17.3;44.9;3.90
2018-01-05 01:00;2018-01-05 02:00;16.6;42.3;3.60
2018-01-05 02:00;2018-01-05 03:00;15.8;34.6;3.40
2018-01-05 03:00;2018-01-05 04:00;18.8;46.3;4.30
2018-01-05 04:00;2018-01-05 05:00;19.2;39.2;4.70
2018-01-05 05:00;2018-01-05 06:00;20.4;44.4;6.70
2018-01-05 06:00;2018-01-05 07:00;34.0;98.8;7.10
2018-01-05 07:00;2018-01-05 08:00;46.4;158.5;8.50
2018-01-05 08:00;2018-01-05 09:00;46.5;164.6;9.30
2018-01-05 09:00;2018-01-05 10:00;45.2;162.9;7.60
2018-01-05 10:00;2018-01-05 11:00;48.7;175.5;10.2
2018-01-05 11:00;2018-01-05 12:00;46.8;174.1;12.2
2018-01-05 12:00;2018-01-05 13:00;49.7;209.3;11.4
2018-01-05 13:00;2018-01-05 14:00;48.1;190.5;10.9
2018-01-05 14:00;2018-01-05 15:00;41.9;145.1;10.7
2018-01-05 15:00;2018-01-05 16:00;39.7;144.4;10.3
2018-01-05 16:00;2018-01-05 17:00;37.6;114.8;9.10
2018-01-05 17:00;2018-01-05 18:00;36.1;98.4;6.80
2018-01-05 18:00;2018-01-05 19:00;40.3;116.6;10.1
2018-01-05 19:00;2018-01-05 20:00;36.2;97.6;12.4
2018-01-05 20:00;2018-01-05 21:00;31.0;71.6;12.2
2018-01-05 21:00;2018-01-05 22:00;28.5;69.4;12.2
2018-01-05 22:00;2018-01-05 23:00;27.8;72.7;10.7
2018-01-05 23:00;2018-01-06 00:00;23.7;61.0;9.50
2018-01-06 00:00;2018-01-06 01:00;24.5;54.9;14.0
2018-01-06 01:00;2018-01-06 02:00;20.9;51.1;17.8
2018-01-06 02:00;2018-01-06 03:00;21.3;74.2;14.2
2018-01-06 03:00;2018-01-06 04:00;12.7;29.6;18.4
2018-01-06 04:00;2018-01-06 05:00;6.20;15.7;11.3
2018-01-06 05:00;2018-01-06 06:00;6.30;13.0;12.3
2018-01-06 06:00;2018-01-06 07:00;10.4;23.0;14.3
2018-01-06 07:00;2018-01-06 08:00;9.20;23.1;14.7
2018-01-06 08:00;2018-01-06 09:00;9.20;22.9;14.4
2018-01-06 09:00;2018-01-06 10:00;12.5;29.4;14.8
2018-01-06 10:00;2018-01-06 11:00;17.1;44.9;20.6
2018-01-06 11:00;2018-01-06 12:00;18.9;50.8;25.1
2018-01-06 12:00;2018-01-06 13:00;23.0;60.9;29.4
2018-01-06 13:00;2018-01-06 14:00;24.5;68.0;32.5
2018-01-06 14:00;2018-01-06 15:00;30.4;75.7;37.3
2018-01-06 15:00;2018-01-06 16:00;30.7;73.5;42.0
2018-01-06 16:00;2018-01-06 17:00;28.8;71.5;34.5
2018-01-06 17:00;2018-01-06 18:00;25.0;54.9;32.8
2018-01-06 18:00;2018-01-06 19:00;28.6;65.4;35.1
2018-01-06 19:00;2018-01-06 20:00;26.6;75.3;35.6
2018-01-06 20:00;2018-01-06 21:00;26.1;68.7;33.7
2018-01-06 21:00;2018-01-06 22:00;23.9;59.4;28.9
2018-01-06 22:00;2018-01-06 23:00;24.4;56.2;28.6
2018-01-06 23:00;2018-01-07 00:00;21.5;44.5;25.6
2018-01-07 00:00;2018-01-07 01:00;18.0;44.6;23.6
2018-01-07 01:00;2018-01-07 02:00;15.7;38.2;22.6
2018-01-07 02:00;2018-01-07 03:00;11.4;29.2;15.7
2018-01-07 03:00;2018-01-07 04:00;12.4;31.1;15.1
2018-01-07 04:00;2018-01-07 05:00;8.00;18.4;11.7
2018-01-07 05:00;2018-01-07 06:00;7.20;14.7;11.1
2018-01-07 06:00;2018-01-07 07:00;9.30;17.8;12.5
2018-01-07 07:00;2018-01-07 08:00;10.8;20.7;13.4
2018-01-07 08:00;2018-01-07 09:00;17.3;37.2;12.5
2018-01-07 09:00;2018-01-07 10:00;16.8;32.4;15.8
2018-01-07 10:00;2018-01-07 11:00;21.7;40.4;17.7
2018-01-07 11:00;2018-01-07 12:00;20.9;45.7;33.2
2018-01-07 12:00;2018-01-07 13:00;23.2;48.1;29.0
2018-01-07 13:00;2018-01-07 14:00;21.0;39.9;51.0
2018-01-07 14:00;2018-01-07 15:00;19.8;37.0;58.1
2018-01-07 15:00;2018-01-07 16:00;22.4;47.2;40.6
2018-01-07 16:00;2018-01-07 17:00;21.4;45.9;28.8
2018-01-07 17:00;2018-01-07 18:00;22.9;56.1;30.3
2018-01-07 18:00;2018-01-07 19:00;19.2;47.1;24.0
2018-01-07 19:00;2018-01-07 20:00;12.7;34.2;24.3
2018-01-07 20:00;2018-01-07 21:00;12.6;29.0;22.6
2018-01-07 21:00;2018-01-07 22:00;11.0;22.9;19.4
2018-01-07 22:00;2018-01-07 23:00;10.5;22.5;18.3
2018-01-07 23:00;2018-01-08 00:00;8.90;18.5;14.1
2018-01-08 00:00;2018-01-08 01:00;6.10;12.0;15.8
2018-01-08 01:00;2018-01-08 02:00;7.10;14.9;13.2
2018-01-08 02:00;2018-01-08 03:00;6.80;12.0;8.50
2018-01-08 03:00;2018-01-08 04:00;7.80;14.2;54.5
2018-01-08 04:00;2018-01-08 05:00;7.40;13.5;42.7
2018-01-08 05:00;2018-01-08 06:00;10.5;20.7;20.3
2018-01-08 06:00;2018-01-08 07:00;27.1;59.0;33.8
2018-01-08 07:00;2018-01-08 08:00;58.3;136.9;74.8
2018-01-08 08:00;2018-01-08 09:00;63.5;149.5;67.2
2018-01-08 09:00;2018-01-08 10:00;61.8;146.1;55.0
2018-01-08 10:00;2018-01-08 11:00;54.3;118.5;47.2
2018-01-08 11:00;2018-01-08 12:00;56.7;96.7;44.8
2018-01-08 12:00;2018-01-08 13:00;61.9;122.8;53.5
2018-01-08 13:00;2018-01-08 14:00;41.8;86.6;41.1
2018-01-08 14:00;2018-01-08 15:00;47.9;126.7;34.3
2018-01-08 15:00;2018-01-08 16:00;47.5;105.9;23.6
2018-01-08 16:00;2018-01-08 17:00;44.7;106.0;19.0
2018-01-08 17:00;2018-01-08 18:00;38.4;92.6;15.0
2018-01-08 18:00;2018-01-08 19:00;37.2;84.1;10.9
2018-01-08 19:00;2018-01-08 20:00;32.2;67.8;9.70
2018-01-08 20:00;2018-01-08 21:00;30.1;71.6;9.80
2018-01-08 21:00;2018-01-08 22:00;25.5;53.5;9.50
2018-01-08 22:00;2018-01-08 23:00;20.6;45.2;7.10
2018-01-08 23:00;2018-01-09 00:00;10.2;19.4;3.80
2018-01-09 00:00;2018-01-09 01:00;9.00;17.9;3.70
2018-01-09 01:00;2018-01-09 02:00;9.20;15.9;2.60
2018-01-09 02:00;2018-01-09 03:00;11.1;20.2;7.20
2018-01-09 03:00;2018-01-09 04:00;8.80;15.5;4.30
2018-01-09 04:00;2018-01-09 05:00;9.80;16.6;3.30
2018-01-09 05:00;2018-01-09 06:00;10.6;18.9;3.40
2018-01-09 06:00;2018-01-09 07:00;28.5;60.1;4.90
2018-01-09 07:00;2018-01-09 08:00;38.9;101.2;7.20
2018-01-09 08:00;2018-01-09 09:00;39.1;99.1;7.70
2018-01-09 09:00;2018-01-09 10:00;37.9;103.8;8.10
2018-01-09 10:00;2018-01-09 11:00;32.4;93.3;7.30
2018-01-09 11:00;2018-01-09 12:00;34.2;99.1;8.10
2018-01-09 12:00;2018-01-09 13:00;35.6;96.5;9.30
2018-01-09 13:00;2018-01-09 14:00;38.6;106.1;9.00
2018-01-09 14:00;2018-01-09 15:00;47.3;131.5;9.90
2018-01-09 15:00;2018-01-09 16:00;52.7;140.8;10.7
2018-01-09 16:00;2018-01-09 17:00;46.7;119.6;10.0
2018-01-09 17:00;2018-01-09 18:00;46.3;108.1;9.60
2018-01-09 18:00;2018-01-09 19:00;42.3;100.1;11.0
2018-01-09 19:00;2018-01-09 20:00;38.2;95.8;10.4
2018-01-09 20:00;2018-01-09 21:00;33.2;74.5;8.00
2018-01-09 21:00;2018-01-09 22:00;32.1;69.0;6.80
2018-01-09 22:00;2018-01-09 23:00;27.4;57.3;3.70
2018-01-09 23:00;2018-01-10 00:00;23.2;48.7;2.60
2018-01-10 00:00;2018-01-10 01:00;24.7;42.3;2.90
2018-01-10 01:00;2018-01-10 02:00;27.7;56.4;3.80
2018-01-10 02:00;2018-01-10 03:00;24.5;46.7;2.70
2018-01-10 03:00;2018-01-10 04:00;17.4;36.0;2.00
2018-01-10 04:00;2018-01-10 05:00;24.4;33.6;4.00
2018-01-10 05:00;2018-01-10 06:00;20.2;34.7;3.30
2018-01-10 06:00;2018-01-10 07:00;39.7;125.2;5.40
2018-01-10 07:00;2018-01-10 08:00;41.3;98.3;6.00
2018-01-10 08:00;2018-01-10 09:00;50.9;127.3;9.80
2018-01-10 09:00;2018-01-10 10:00;53.4;204.5;9.10
2018-01-10 10:00;2018-01-10 11:00;71.7;364.5;17.6
2018-01-10 11:00;2018-01-10 12:00;67.5;285.7;22.1
2018-01-10 12:00;2018-01-10 13:00;50.4;177.8;18.4
2018-01-10 13:00;2018-01-10 14:00;45.1;133.6;9.00
2018-01-10 14:00;2018-01-10 15:00;48.2;135.1;7.90
2018-01-10 15:00;2018-01-10 16:00;50.7;128.8;5.80
2018-01-10 16:00;2018-01-10 17:00;46.4;108.4;8.60
2018-01-10 17:00;2018-01-10 18:00;32.4;50.8;8.30
2018-01-10 18:00;2018-01-10 19:00;30.4;50.6;6.70
2018-01-10 19:00;2018-01-10 20:00;33.4;60.1;11.2
2018-01-10 20:00;2018-01-10 21:00;29.7;60.1;6.10
2018-01-10 21:00;2018-01-10 22:00;24.0;51.9;8.30
2018-01-10 22:00;2018-01-10 23:00;22.8;43.4;4.90
2018-01-10 23:00;2018-01-11 00:00;15.8;23.5;2.60
2018-01-11 00:00;2018-01-11 01:00;15.5;24.4;2.10
2018-01-11 01:00;2018-01-11 02:00;14.7;23.7;2.50
2018-01-11 02:00;2018-01-11 03:00;12.3;19.8;1.30
2018-01-11 03:00;2018-01-11 04:00;10.7;21.9;2.20
2018-01-11 04:00;2018-01-11 05:00;8.10;11.8;1.90
2018-01-11 05:00;2018-01-11 06:00;13.2;21.5;3.10
2018-01-11 06:00;2018-01-11 07:00;40.4;90.9;5.10
2018-01-11 07:00;2018-01-11 08:00;51.9;114.1;7.20
2018-01-11 08:00;2018-01-11 09:00;50.2;115.6;8.00
2018-01-11 09:00;2018-01-11 10:00;51.7;118.4;8.40
2018-01-11 10:00;2018-01-11 11:00;60.1;160.5;8.40
2018-01-11 11:00;2018-01-11 12:00;56.0;139.8;19.7
2018-01-11 12:00;2018-01-11 13:00;59.2;145.3;21.9
2018-01-11 13:00;2018-01-11 14:00;53.1;128.5;10.7
2018-01-11 14:00;2018-01-11 15:00;59.2;140.4;8.80
2018-01-11 15:00;2018-01-11 16:00;70.4;187.6;8.70
2018-01-11 16:00;2018-01-11 17:00;53.8;107.3;11.9
2018-01-11 17:00;2018-01-11 18:00;62.2;155.1;10.0
2018-01-11 18:00;2018-01-11 19:00;62.0;170.4;9.10
2018-01-11 19:00;2018-01-11 20:00;56.0;148.1;7.20
2018-01-11 20:00;2018-01-11 21:00;48.8;110.2;6.80
2018-01-11 21:00;2018-01-11 22:00;33.4;62.0;7.00
2018-01-11 22:00;2018-01-11 23:00;30.3;54.0;9.00
2018-01-11 23:00;2018-01-12 00:00;27.3;47.2;6.00
2018-01-12 00:00;2018-01-12 01:00;15.7;21.8;5.00
2018-01-12 01:00;2018-01-12 02:00;18.8;33.5;5.10
2018-01-12 02:00;2018-01-12 03:00;14.1;23.1;4.40
2018-01-12 03:00;2018-01-12 04:00;12.6;20.6;4.10
2018-01-12 04:00;2018-01-12 05:00;12.4;19.1;3.10
2018-01-12 05:00;2018-01-12 06:00;16.9;31.0;3.50
2018-01-12 06:00;2018-01-12 07:00;34.7;80.1;3.10
2018-01-12 07:00;2018-01-12 08:00;53.6;120.6;5.70
2018-01-12 08:00;2018-01-12 09:00;59.2;141.1;9.20
2018-01-12 09:00;2018-01-12 10:00;58.9;151.1;8.80
2018-01-12 10:00;2018-01-12 11:00;40.9;95.6;9.20
2018-01-12 11:00;2018-01-12 12:00;44.4;106.6;20.0
2018-01-12 12:00;2018-01-12 13:00;42.8;106.5;19.6
2018-01-12 13:00;2018-01-12 14:00;36.0;70.3;12.8
2018-01-12 14:00;2018-01-12 15:00;33.6;63.9;18.3
2018-01-12 15:00;2018-01-12 16:00;31.7;56.4;28.9
2018-01-12 16:00;2018-01-12 17:00;27.0;44.7;29.5
2018-01-12 17:00;2018-01-12 18:00;31.6;54.0;53.1
2018-01-12 18:00;2018-01-12 19:00;31.2;53.9;46.8
2018-01-12 19:00;2018-01-12 20:00;22.7;35.4;38.1
2018-01-12 20:00;2018-01-12 21:00;22.7;35.9;39.3
2018-01-12 21:00;2018-01-12 22:00;20.8;30.1;25.3
2018-01-12 22:00;2018-01-12 23:00;18.2;27.6;23.8
2018-01-12 23:00;2018-01-13 00:00;14.1;20.9;18.3
2018-01-13 00:00;2018-01-13 01:00;16.9;22.9;23.7
2018-01-13 01:00;2018-01-13 02:00;18.1;24.9;22.3
2018-01-13 02:00;2018-01-13 03:00;18.3;27.6;23.3
2018-01-13 03:00;2018-01-13 04:00;16.9;23.2;16.6
2018-01-13 04:00;2018-01-13 05:00;9.80;12.7;13.7
2018-01-13 05:00;2018-01-13 06:00;11.8;14.8;13.6
2018-01-13 06:00;2018-01-13 07:00;11.8;15.5;18.6
2018-01-13 07:00;2018-01-13 08:00;15.7;26.1;26.8
2018-01-13 08:00;2018-01-13 09:00;17.3;24.0;27.3
2018-01-13 09:00;2018-01-13 10:00;22.2;32.6;32.0
2018-01-13 10:00;2018-01-13 11:00;27.2;41.2;45.0
2018-01-13 11:00;2018-01-13 12:00;28.9;47.8;49.6
2018-01-13 12:00;2018-01-13 13:00;26.5;43.4;41.1
2018-01-13 13:00;2018-01-13 14:00;28.5;44.2;41.2
2018-01-13 14:00;2018-01-13 15:00;32.5;52.9;45.1
2018-01-13 15:00;2018-01-13 16:00;36.2;58.9;51.9
2018-01-13 16:00;2018-01-13 17:00;33.8;52.0;49.4
2018-01-13 17:00;2018-01-13 18:00;28.3;41.5;38.7
2018-01-13 18:00;2018-01-13 19:00;31.3;47.9;47.1
2018-01-13 19:00;2018-01-13 20:00;29.8;43.6;41.0
2018-01-13 20:00;2018-01-13 21:00;27.1;39.4;34.9
2018-01-13 21:00;2018-01-13 22:00;29.3;47.3;33.1
2018-01-13 22:00;2018-01-13 23:00;24.8;34.4;26.3
2018-01-13 23:00;2018-01-14 00:00;22.2;30.2;22.9
2018-01-14 00:00;2018-01-14 01:00;23.8;34.3;23.1
2018-01-14 01:00;2018-01-14 02:00;33.0;53.0;32.4
2018-01-14 02:00;2018-01-14 03:00;24.4;36.3;25.8
2018-01-14 03:00;2018-01-14 04:00;20.2;25.7;15.5
2018-01-14 04:00;2018-01-14 05:00;11.9;14.3;9.30
2018-01-14 05:00;2018-01-14 06:00;10.4;12.4;8.30
2018-01-14 06:00;2018-01-14 07:00;9.70;11.2;9.10
2018-01-14 07:00;2018-01-14 08:00;10.5;12.0;8.60
2018-01-14 08:00;2018-01-14 09:00;12.7;15.3;11.3
2018-01-14 09:00;2018-01-14 10:00;15.3;19.3;18.9
2018-01-14 10:00;2018-01-14 11:00;21.1;28.3;21.5
2018-01-14 11:00;2018-01-14 12:00;21.2;27.9;27.2
2018-01-14 12:00;2018-01-14 13:00;26.6;36.8;33.5
2018-01-14 13:00;2018-01-14 14:00;30.7;43.6;38.2
2018-01-14 14:00;2018-01-14 15:00;26.5;37.8;33.9
2018-01-14 15:00;2018-01-14 16:00;30.5;43.4;33.3
2018-01-14 16:00;2018-01-14 17:00;24.7;33.3;31.5
2018-01-14 17:00;2018-01-14 18:00;19.2;25.4;24.6
2018-01-14 18:00;2018-01-14 19:00;18.2;24.7;22.2
2018-01-14 19:00;2018-01-14 20:00;16.5;23.4;18.9
2018-01-14 20:00;2018-01-14 21:00;13.1;17.9;17.0
2018-01-14 21:00;2018-01-14 22:00;10.7;15.1;18.7
2018-01-14 22:00;2018-01-14 23:00;11.6;18.4;16.7
2018-01-14 23:00;2018-01-15 00:00;7.50;10.7;15.9
2018-01-15 00:00;2018-01-15 01:00;8.60;11.5;9.60
2018-01-15 01:00;2018-01-15 02:00;7.60;11.1;10.9
2018-01-15 02:00;2018-01-15 03:00;8.20;11.2;8.50
2018-01-15 03:00;2018-01-15 04:00;6.90;9.80;8.20
2018-01-15 04:00;2018-01-15 05:00;5.30;6.90;8.30
2018-01-15 05:00;2018-01-15 06:00;10.2;13.1;11.8
2018-01-15 06:00;2018-01-15 07:00;21.5;29.4;21.3
2018-01-15 07:00;2018-01-15 08:00;24.6;36.7;39.1
2018-01-15 08:00;2018-01-15 09:00;24.9;37.4;36.6
2018-01-15 09:00;2018-01-15 10:00;26.2;42.4;41.2
2018-01-15 10:00;2018-01-15 11:00;27.8;52.2;40.7
2018-01-15 11:00;2018-01-15 12:00;21.7;37.2;39.9
2018-01-15 12:00;2018-01-15 13:00;24.8;41.4;35.2
2018-01-15 13:00;2018-01-15 14:00;26.5;45.5;32.2
2018-01-15 14:00;2018-01-15 15:00;20.3;29.7;29.2
2018-01-15 15:00;2018-01-15 16:00;23.0;33.9;32.0
2018-01-15 16:00;2018-01-15 17:00;23.2;36.0;41.0
2018-01-15 17:00;2018-01-15 18:00;23.0;38.4;38.7
2018-01-15 18:00;2018-01-15 19:00;16.4;23.6;31.3
2018-01-15 19:00;2018-01-15 20:00;13.4;21.1;24.9
2018-01-15 20:00;2018-01-15 21:00;9.70;14.3;23.1
2018-01-15 21:00;2018-01-15 22:00;8.50;12.7;20.6
2018-01-15 22:00;2018-01-15 23:00;7.00;10.1;18.1
2018-01-15 23:00;2018-01-16 00:00;5.80;8.40;18.2
2018-01-16 00:00;2018-01-16 01:00;4.90;7.70;18.8
2018-01-16 01:00;2018-01-16 02:00;4.90;6.60;18.4
2018-01-16 02:00;2018-01-16 03:00;4.80;6.70;17.0
2018-01-16 03:00;2018-01-16 04:00;4.90;6.80;19.0
2018-01-16 04:00;2018-01-16 05:00;4.50;6.20;19.5
2018-01-16 05:00;2018-01-16 06:00;5.90;8.00;21.4
2018-01-16 06:00;2018-01-16 07:00;6.50;10.9;24.1
2018-01-16 07:00;2018-01-16 08:00;9.20;15.3;26.0
2018-01-16 08:00;2018-01-16 09:00;11.1;19.5;27.0
2018-01-16 09:00;2018-01-16 10:00;9.30;17.0;28.6
2018-01-16 10:00;2018-01-16 11:00;9.90;16.7;24.9
2018-01-16 11:00;2018-01-16 12:00;11.1;19.9;26.2
2018-01-16 12:00;2018-01-16 13:00;10.6;18.7;23.7
2018-01-16 13:00;2018-01-16 14:00;15.1;27.3;21.5
2018-01-16 14:00;2018-01-16 15:00;15.3;27.5;10.4
2018-01-16 15:00;2018-01-16 16:00;15.3;27.5;7.60
2018-01-16 16:00;2018-01-16 17:00;17.8;31.1;9.20
2018-01-16 17:00;2018-01-16 18:00;16.4;28.7;7.80
2018-01-16 18:00;2018-01-16 19:00;13.4;22.0;8.80
2018-01-16 19:00;2018-01-16 20:00;11.7;18.8;7.80
2018-01-16 20:00;2018-01-16 21:00;11.3;19.3;7.10
2018-01-16 21:00;2018-01-16 22:00;9.20;14.8;6.10
2018-01-16 22:00;2018-01-16 23:00;7.40;13.1;5.10
2018-01-16 23:00;2018-01-17 00:00;6.20;10.3;5.50
2018-01-17 00:00;2018-01-17 01:00;5.40;8.60;5.60
2018-01-17 01:00;2018-01-17 02:00;5.10;7.00;6.20
2018-01-17 02:00;2018-01-17 03:00;4.60;6.60;6.90
2018-01-17 03:00;2018-01-17 04:00;4.20;6.40;7.30
2018-01-17 04:00;2018-01-17 05:00;6.00;8.60;8.90
2018-01-17 05:00;2018-01-17 06:00;7.20;12.0;12.3
2018-01-17 06:00;2018-01-17 07:00;12.5;21.8;12.3
2018-01-17 07:00;2018-01-17 08:00;19.6;36.1;12.3
2018-01-17 08:00;2018-01-17 09:00;22.5;51.2;12.1
2018-01-17 09:00;2018-01-17 10:00;22.2;53.2;10.1
2018-01-17 10:00;2018-01-17 11:00;24.5;67.2;15.1
2018-01-17 11:00;2018-01-17 12:00;30.6;91.1;17.0
2018-01-17 12:00;2018-01-17 13:00;33.0;95.9;22.0
2018-01-17 13:00;2018-01-17 14:00;39.9;116.1;17.1
2018-01-17 14:00;2018-01-17 15:00;44.5;115.9;20.2
2018-01-17 15:00;2018-01-17 16:00;45.5;121.1;19.0
2018-01-17 16:00;2018-01-17 17:00;50.3;132.6;19.6
2018-01-17 17:00;2018-01-17 18:00;50.2;114.7;24.9
2018-01-17 18:00;2018-01-17 19:00;50.2;111.8;22.8
2018-01-17 19:00;2018-01-17 20:00;49.6;120.6;21.4
2018-01-17 20:00;2018-01-17 21:00;40.6;80.0;21.1
2018-01-17 21:00;2018-01-17 22:00;34.5;71.0;25.2
2018-01-17 22:00;2018-01-17 23:00;29.7;56.6;16.1
2018-01-17 23:00;2018-01-18 00:00;27.6;45.3;16.2
2018-01-18 00:00;2018-01-18 01:00;24.8;41.6;18.0
2018-01-18 01:00;2018-01-18 02:00;23.7;45.5;16.4
2018-01-18 02:00;2018-01-18 03:00;23.3;37.0;15.9
2018-01-18 03:00;2018-01-18 04:00;21.2;37.0;15.7
2018-01-18 04:00;2018-01-18 05:00;26.6;50.9;17.1
2018-01-18 05:00;2018-01-18 06:00;21.4;45.9;16.1
2018-01-18 06:00;2018-01-18 07:00;44.5;155.3;17.4
2018-01-18 07:00;2018-01-18 08:00;61.6;229.6;23.1
2018-01-18 08:00;2018-01-18 09:00;74.3;277.5;28.2
2018-01-18 09:00;2018-01-18 10:00;66.0;249.2;24.7
2018-01-18 10:00;2018-01-18 11:00;58.2;168.4;21.3
2018-01-18 11:00;2018-01-18 12:00;56.8;191.1;20.8
2018-01-18 12:00;2018-01-18 13:00;54.6;198.2;21.5
2018-01-18 13:00;2018-01-18 14:00;58.5;188.2;19.8
2018-01-18 14:00;2018-01-18 15:00;62.3;224.6;18.9
2018-01-18 15:00;2018-01-18 16:00;58.7;189.3;19.3
2018-01-18 16:00;2018-01-18 17:00;60.8;204.2;20.2
2018-01-18 17:00;2018-01-18 18:00;56.8;180.3;19.5
2018-01-18 18:00;2018-01-18 19:00;52.8;150.2;19.0
2018-01-18 19:00;2018-01-18 20:00;57.6;144.8;22.6
2018-01-18 20:00;2018-01-18 21:00;47.1;117.0;14.3
2018-01-18 21:00;2018-01-18 22:00;39.5;82.5;17.7
2018-01-18 22:00;2018-01-18 23:00;40.1;88.8;13.5
2018-01-18 23:00;2018-01-19 00:00;38.3;99.7;13.6
2018-01-19 00:00;2018-01-19 01:00;29.5;63.7;11.0
2018-01-19 01:00;2018-01-19 02:00;21.0;39.3;11.2
2018-01-19 02:00;2018-01-19 03:00;21.0;32.7;11.8
2018-01-19 03:00;2018-01-19 04:00;19.7;37.1;10.2
2018-01-19 04:00;2018-01-19 05:00;16.2;25.5;10.9
2018-01-19 05:00;2018-01-19 06:00;19.0;37.9;10.7
2018-01-19 06:00;2018-01-19 07:00;40.5;113.1;12.8
2018-01-19 07:00;2018-01-19 08:00;60.0;205.3;14.5
2018-01-19 08:00;2018-01-19 09:00;67.2;234.6;16.8
2018-01-19 09:00;2018-01-19 10:00;66.4;260.9;15.8
2018-01-19 10:00;2018-01-19 11:00;65.2;257.7;16.5
2018-01-19 11:00;2018-01-19 12:00;68.7;270.4;17.4
2018-01-19 12:00;2018-01-19 13:00;68.6;262.7;17.3
2018-01-19 13:00;2018-01-19 14:00;62.1;231.8;18.7
2018-01-19 14:00;2018-01-19 15:00;63.2;228.8;17.6
2018-01-19 15:00;2018-01-19 16:00;64.3;200.0;17.8
2018-01-19 16:00;2018-01-19 17:00;64.4;204.7;16.7
2018-01-19 17:00;2018-01-19 18:00;62.0;182.4;17.3
2018-01-19 18:00;2018-01-19 19:00;68.7;192.3;32.1
2018-01-19 19:00;2018-01-19 20:00;67.9;240.8;23.4
2018-01-19 20:00;2018-01-19 21:00;59.1;162.8;21.4
2018-01-19 21:00;2018-01-19 22:00;57.6;138.9;22.9
2018-01-19 22:00;2018-01-19 23:00;51.9;111.8;18.8
2018-01-19 23:00;2018-01-20 00:00;47.7;108.3;16.4
2018-01-20 00:00;2018-01-20 01:00;40.2;95.4;15.4
2018-01-20 01:00;2018-01-20 02:00;42.1;102.4;15.2
2018-01-20 02:00;2018-01-20 03:00;32.4;74.2;13.0
2018-01-20 03:00;2018-01-20 04:00;29.3;59.5;10.1
2018-01-20 04:00;2018-01-20 05:00;20.5;36.0;8.10
2018-01-20 05:00;2018-01-20 06:00;25.0;40.4;8.00
2018-01-20 06:00;2018-01-20 07:00;38.0;76.0;8.30
2018-01-20 07:00;2018-01-20 08:00;31.1;64.6;7.50
2018-01-20 08:00;2018-01-20 09:00;31.1;55.9;7.70
2018-01-20 09:00;2018-01-20 10:00;35.8;48.1;8.50
2018-01-20 10:00;2018-01-20 11:00;34.0;47.5;8.20
2018-01-20 11:00;2018-01-20 12:00;33.9;48.6;7.50
2018-01-20 12:00;2018-01-20 13:00;36.2;52.2;9.90
2018-01-20 13:00;2018-01-20 14:00;44.6;77.6;10.0
2018-01-20 14:00;2018-01-20 15:00;57.9;107.5;14.0
2018-01-20 15:00;2018-01-20 16:00;70.1;127.9;16.9
2018-01-20 16:00;2018-01-20 17:00;61.7;99.0;17.7
2018-01-20 17:00;2018-01-20 18:00;96.4;272.9;19.3
2018-01-20 18:00;2018-01-20 19:00;85.7;212.2;19.2
2018-01-20 19:00;2018-01-20 20:00;80.2;223.9;19.6
2018-01-20 20:00;2018-01-20 21:00;71.6;202.3;21.3
2018-01-20 21:00;2018-01-20 22:00;64.0;170.3;19.2
2018-01-20 22:00;2018-01-20 23:00;64.4;189.7;16.7
2018-01-20 23:00;2018-01-21 00:00;67.5;219.3;17.0
2018-01-21 00:00;2018-01-21 01:00;62.0;176.9;17.2
2018-01-21 01:00;2018-01-21 02:00;63.3;139.0;17.3
2018-01-21 02:00;2018-01-21 03:00;55.7;109.8;12.8
2018-01-21 03:00;2018-01-21 04:00;54.9;112.9;11.4
2018-01-21 04:00;2018-01-21 05:00;56.6;100.9;11.4
2018-01-21 05:00;2018-01-21 06:00;54.1;120.9;11.4
2018-01-21 06:00;2018-01-21 07:00;58.8;163.8;14.1
2018-01-21 07:00;2018-01-21 08:00;57.5;157.0;15.7
2018-01-21 08:00;2018-01-21 09:00;53.8;118.3;11.5
2018-01-21 09:00;2018-01-21 10:00;47.0;111.7;10.0
2018-01-21 10:00;2018-01-21 11:00;51.7;151.8;12.2
2018-01-21 11:00;2018-01-21 12:00;62.1;228.3;14.3
2018-01-21 12:00;2018-01-21 13:00;68.5;214.0;14.6
2018-01-21 13:00;2018-01-21 14:00;68.6;212.0;14.7
2018-01-21 14:00;2018-01-21 15:00;65.4;184.8;15.6
2018-01-21 15:00;2018-01-21 16:00;59.3;160.2;12.9
2018-01-21 16:00;2018-01-21 17:00;51.7;132.9;11.7
2018-01-21 17:00;2018-01-21 18:00;56.0;136.5;14.7
2018-01-21 18:00;2018-01-21 19:00;62.4;158.6;18.2
2018-01-21 19:00;2018-01-21 20:00;63.1;134.2;13.8
2018-01-21 20:00;2018-01-21 21:00;64.8;109.2;13.4
2018-01-21 21:00;2018-01-21 22:00;46.5;72.6;7.90
2018-01-21 22:00;2018-01-21 23:00;25.3;40.2;5.90
2018-01-21 23:00;2018-01-22 00:00;33.3;46.3;6.50
2018-01-22 00:00;2018-01-22 01:00;34.2;46.5;6.40
2018-01-22 01:00;2018-01-22 02:00;29.2;44.1;4.70
2018-01-22 02:00;2018-01-22 03:00;20.6;34.0;4.30
2018-01-22 03:00;2018-01-22 04:00;19.6;36.8;3.60
2018-01-22 04:00;2018-01-22 05:00;19.3;35.2;4.10
2018-01-22 05:00;2018-01-22 06:00;23.9;48.4;4.10
2018-01-22 06:00;2018-01-22 07:00;50.3;124.1;5.60
2018-01-22 07:00;2018-01-22 08:00;63.9;189.4;8.90
2018-01-22 08:00;2018-01-22 09:00;66.6;217.6;12.0
2018-01-22 09:00;2018-01-22 10:00;53.0;155.2;9.00
2018-01-22 10:00;2018-01-22 11:00;60.4;202.6;10.6
2018-01-22 11:00;2018-01-22 12:00;48.4;151.2;6.90
2018-01-22 12:00;2018-01-22 13:00;54.7;166.6;7.50
2018-01-22 13:00;2018-01-22 14:00;50.8;133.8;8.40
2018-01-22 14:00;2018-01-22 15:00;44.2;130.2;7.90
2018-01-22 15:00;2018-01-22 16:00;60.0;153.8;10.4
2018-01-22 16:00;2018-01-22 17:00;59.4;110.4;11.9
2018-01-22 17:00;2018-01-22 18:00;51.2;96.3;10.4
2018-01-22 18:00;2018-01-22 19:00;55.2;93.9;12.3
2018-01-22 19:00;2018-01-22 20:00;61.9;103.5;13.0
2018-01-22 20:00;2018-01-22 21:00;55.3;87.7;12.0
2018-01-22 21:00;2018-01-22 22:00;52.1;83.7;11.9
2018-01-22 22:00;2018-01-22 23:00;48.4;71.0;9.60
2018-01-22 23:00;2018-01-23 00:00;42.3;58.9;8.80
2018-01-23 00:00;2018-01-23 01:00;31.3;49.3;4.70
2018-01-23 01:00;2018-01-23 02:00;23.5;40.9;3.00
2018-01-23 02:00;2018-01-23 03:00;19.2;29.5;4.40
2018-01-23 03:00;2018-01-23 04:00;18.1;32.9;2.20
2018-01-23 04:00;2018-01-23 05:00;19.2;31.6;3.80
2018-01-23 05:00;2018-01-23 06:00;18.9;29.3;3.30
2018-01-23 06:00;2018-01-23 07:00;33.3;51.6;3.90
2018-01-23 07:00;2018-01-23 08:00;49.9;96.2;6.20
2018-01-23 08:00;2018-01-23 09:00;55.1;101.0;7.40
2018-01-23 09:00;2018-01-23 10:00;57.8;112.6;9.70
2018-01-23 10:00;2018-01-23 11:00;49.2;89.8;6.80
2018-01-23 11:00;2018-01-23 12:00;50.6;93.6;7.20
2018-01-23 12:00;2018-01-23 13:00;43.0;72.8;7.20
2018-01-23 13:00;2018-01-23 14:00;39.2;71.6;7.70
2018-01-23 14:00;2018-01-23 15:00;32.1;51.4;8.40
2018-01-23 15:00;2018-01-23 16:00;33.0;55.2;12.8
2018-01-23 16:00;2018-01-23 17:00;43.7;70.6;13.3
2018-01-23 17:00;2018-01-23 18:00;40.6;67.3;15.8
2018-01-23 18:00;2018-01-23 19:00;26.2;37.9;16.8
2018-01-23 19:00;2018-01-23 20:00;24.3;35.3;18.3
2018-01-23 20:00;2018-01-23 21:00;21.1;29.9;16.2
2018-01-23 21:00;2018-01-23 22:00;15.3;21.4;13.5
2018-01-23 22:00;2018-01-23 23:00;11.5;17.0;17.0
2018-01-23 23:00;2018-01-24 00:00;12.5;19.1;17.0
2018-01-24 00:00;2018-01-24 01:00;10.9;15.7;10.8
2018-01-24 01:00;2018-01-24 02:00;11.2;15.5;11.9
2018-01-24 02:00;2018-01-24 03:00;8.90;12.0;12.5
2018-01-24 03:00;2018-01-24 04:00;9.00;11.8;1.30
2018-01-24 04:00;2018-01-24 05:00;9.30;12.4;-0.300
2018-01-24 05:00;2018-01-24 06:00;13.6;18.2;-0.700
2018-01-24 06:00;2018-01-24 07:00;20.2;35.0;1.20
2018-01-24 07:00;2018-01-24 08:00;31.2;61.2;4.40
2018-01-24 08:00;2018-01-24 09:00;31.9;72.4;6.30
2018-01-24 09:00;2018-01-24 10:00;38.1;84.7;6.70
2018-01-24 10:00;2018-01-24 11:00;42.1;91.1;8.40
2018-01-24 11:00;2018-01-24 12:00;41.8;81.9;10.4
2018-01-24 12:00;2018-01-24 13:00;37.6;67.9;11.8
2018-01-24 13:00;2018-01-24 14:00;40.3;68.5;10.9
2018-01-24 14:00;2018-01-24 15:00;31.9;46.6;9.10
2018-01-24 15:00;2018-01-24 16:00;40.3;64.5;8.30
2018-01-24 16:00;2018-01-24 17:00;37.9;63.5;9.10
2018-01-24 17:00;2018-01-24 18:00;28.1;47.3;7.10
2018-01-24 18:00;2018-01-24 19:00;21.5;33.3;8.10
2018-01-24 19:00;2018-01-24 20:00;15.5;23.3;5.80
2018-01-24 20:00;2018-01-24 21:00;13.6;22.2;4.50
2018-01-24 21:00;2018-01-24 22:00;11.6;18.0;2.80
2018-01-24 22:00;2018-01-24 23:00;10.2;15.6;2.60
2018-01-24 23:00;2018-01-25 00:00;9.70;16.1;2.10
2018-01-25 00:00;2018-01-25 01:00;9.40;12.5;2.90
2018-01-25 01:00;2018-01-25 02:00;9.40;13.1;0.700
2018-01-25 02:00;2018-01-25 03:00;9.40;12.9;-0.300
2018-01-25 03:00;2018-01-25 04:00;7.60;9.30;-0.200
2018-01-25 04:00;2018-01-25 05:00;7.60;9.80;0.800
2018-01-25 05:00;2018-01-25 06:00;8.70;12.3;1.60
2018-01-25 06:00;2018-01-25 07:00;15.1;22.0;2.60
2018-01-25 07:00;2018-01-25 08:00;17.1;25.5;5.50
2018-01-25 08:00;2018-01-25 09:00;20.7;32.8;9.40
2018-01-25 09:00;2018-01-25 10:00;29.1;57.1;11.2
2018-01-25 10:00;2018-01-25 11:00;28.3;60.2;12.8
2018-01-25 11:00;2018-01-25 12:00;26.4;61.1;15.6
2018-01-25 12:00;2018-01-25 13:00;24.2;44.7;15.7
2018-01-25 13:00;2018-01-25 14:00;21.7;37.9;16.0
2018-01-25 14:00;2018-01-25 15:00;26.7;49.9;19.6
2018-01-25 15:00;2018-01-25 16:00;28.2;55.8;18.4
2018-01-25 16:00;2018-01-25 17:00;29.0;50.5;19.7
2018-01-25 17:00;2018-01-25 18:00;29.2;46.4;21.6
2018-01-25 18:00;2018-01-25 19:00;24.2;39.9;20.6
2018-01-25 19:00;2018-01-25 20:00;20.3;44.0;20.0
2018-01-25 20:00;2018-01-25 21:00;16.6;29.9;18.2
2018-01-25 21:00;2018-01-25 22:00;15.8;25.7;15.7
2018-01-25 22:00;2018-01-25 23:00;15.0;22.9;13.4
2018-01-25 23:00;2018-01-26 00:00;11.9;16.0;13.0
2018-01-26 00:00;2018-01-26 01:00;10.3;13.9;12.7
2018-01-26 01:00;2018-01-26 02:00;10.6;16.3;11.4
2018-01-26 02:00;2018-01-26 03:00;10.4;15.2;9.90
2018-01-26 03:00;2018-01-26 04:00;10.2;13.2;9.30
2018-01-26 04:00;2018-01-26 05:00;9.20;11.7;9.60
2018-01-26 05:00;2018-01-26 06:00;14.3;19.9;9.80
2018-01-26 06:00;2018-01-26 07:00;24.9;36.2;10.2
2018-01-26 07:00;2018-01-26 08:00;37.5;67.3;12.6
2018-01-26 08:00;2018-01-26 09:00;38.4;71.8;15.3
2018-01-26 09:00;2018-01-26 10:00;36.3;63.3;13.6
2018-01-26 10:00;2018-01-26 11:00;28.5;48.2;14.4
2018-01-26 11:00;2018-01-26 12:00;33.0;57.6;14.8
2018-01-26 12:00;2018-01-26 13:00;36.8;72.2;19.1
2018-01-26 13:00;2018-01-26 14:00;43.6;80.2;22.0
2018-01-26 14:00;2018-01-26 15:00;41.0;79.3;22.0
2018-01-26 15:00;2018-01-26 16:00;41.6;72.8;24.4
2018-01-26 16:00;2018-01-26 17:00;46.2;82.4;23.9
2018-01-26 17:00;2018-01-26 18:00;37.9;58.3;21.0
2018-01-26 18:00;2018-01-26 19:00;32.1;47.6;15.9
2018-01-26 19:00;2018-01-26 20:00;26.8;38.8;16.2
2018-01-26 20:00;2018-01-26 21:00;24.8;37.9;14.2
2018-01-26 21:00;2018-01-26 22:00;21.1;30.3;10.0
2018-01-26 22:00;2018-01-26 23:00;17.0;22.6;11.3
2018-01-26 23:00;2018-01-27 00:00;18.9;25.5;10.7
2018-01-27 00:00;2018-01-27 01:00;21.2;31.3;11.5
2018-01-27 01:00;2018-01-27 02:00;16.3;21.6;10.9
2018-01-27 02:00;2018-01-27 03:00;21.5;33.5;12.0
2018-01-27 03:00;2018-01-27 04:00;20.5;45.2;4.30
2018-01-27 04:00;2018-01-27 05:00;13.3;21.6;2.60
2018-01-27 05:00;2018-01-27 06:00;12.7;22.4;2.00
2018-01-27 06:00;2018-01-27 07:00;14.5;34.5;2.70
2018-01-27 07:00;2018-01-27 08:00;16.7;36.7;2.50
2018-01-27 08:00;2018-01-27 09:00;16.7;42.1;3.40
2018-01-27 09:00;2018-01-27 10:00;17.4;45.7;4.20
2018-01-27 10:00;2018-01-27 11:00;24.4;63.3;3.00
2018-01-27 11:00;2018-01-27 12:00;26.9;69.8;4.00
2018-01-27 12:00;2018-01-27 13:00;30.4;78.3;5.40
2018-01-27 13:00;2018-01-27 14:00;31.6;83.0;6.40
2018-01-27 14:00;2018-01-27 15:00;38.4;91.9;12.5
2018-01-27 15:00;2018-01-27 16:00;40.6;110.5;13.4
2018-01-27 16:00;2018-01-27 17:00;58.7;228.5;14.5
2018-01-27 17:00;2018-01-27 18:00;37.4;79.6;13.3
2018-01-27 18:00;2018-01-27 19:00;37.0;67.7;13.5
2018-01-27 19:00;2018-01-27 20:00;30.0;47.0;12.2
2018-01-27 20:00;2018-01-27 21:00;30.8;50.3;12.2
2018-01-27 21:00;2018-01-27 22:00;32.8;58.0;15.5
2018-01-27 22:00;2018-01-27 23:00;32.4;53.3;14.3
2018-01-27 23:00;2018-01-28 00:00;26.3;37.2;12.7
2018-01-28 00:00;2018-01-28 01:00;22.7;31.4;10.1
2018-01-28 01:00;2018-01-28 02:00;16.3;23.1;4.50
2018-01-28 02:00;2018-01-28 03:00;10.5;15.0;2.60
2018-01-28 03:00;2018-01-28 04:00;12.1;15.9;5.90
2018-01-28 04:00;2018-01-28 05:00;10.3;12.1;0.700
2018-01-28 05:00;2018-01-28 06:00;9.00;11.7;0.100
2018-01-28 06:00;2018-01-28 07:00;10.2;13.1;-1.60
2018-01-28 07:00;2018-01-28 08:00;7.90;10.3;-0.800
2018-01-28 08:00;2018-01-28 09:00;12.7;17.0;1.70
2018-01-28 09:00;2018-01-28 10:00;17.2;26.9;2.70
2018-01-28 10:00;2018-01-28 11:00;25.8;44.3;4.40
2018-01-28 11:00;2018-01-28 12:00;30.5;62.4;5.80
2018-01-28 12:00;2018-01-28 13:00;31.7;64.4;7.60
2018-01-28 13:00;2018-01-28 14:00;37.4;78.2;10.4
2018-01-28 14:00;2018-01-28 15:00;37.1;73.1;7.00
2018-01-28 15:00;2018-01-28 16:00;37.6;75.0;7.00
2018-01-28 16:00;2018-01-28 17:00;41.4;85.6;7.70
2018-01-28 17:00;2018-01-28 18:00;47.8;109.5;7.40
2018-01-28 18:00;2018-01-28 19:00;46.6;122.3;7.10
2018-01-28 19:00;2018-01-28 20:00;41.9;116.4;7.70
2018-01-28 20:00;2018-01-28 21:00;40.0;97.5;7.00
2018-01-28 21:00;2018-01-28 22:00;34.8;75.4;6.60
2018-01-28 22:00;2018-01-28 23:00;21.1;46.4;4.30
2018-01-28 23:00;2018-01-29 00:00;16.3;31.8;3.50
2018-01-29 00:00;2018-01-29 01:00;12.3;24.0;2.50
2018-01-29 01:00;2018-01-29 02:00;11.9;20.8;2.80
2018-01-29 02:00;2018-01-29 03:00;10.4;17.5;1.50
2018-01-29 03:00;2018-01-29 04:00;9.40;15.8;2.40
2018-01-29 04:00;2018-01-29 05:00;9.80;17.4;0.400
2018-01-29 05:00;2018-01-29 06:00;14.4;28.6;2.30
2018-01-29 06:00;2018-01-29 07:00;34.6;115.5;4.00
2018-01-29 07:00;2018-01-29 08:00;58.7;208.1;4.70
2018-01-29 08:00;2018-01-29 09:00;60.7;229.2;4.30
2018-01-29 09:00;2018-01-29 10:00;44.7;137.5;4.30
2018-01-29 10:00;2018-01-29 11:00;38.9;105.6;2.90
2018-01-29 11:00;2018-01-29 12:00;35.3;73.9;3.60
2018-01-29 12:00;2018-01-29 13:00;38.8;95.0;7.20
2018-01-29 13:00;2018-01-29 14:00;41.6;110.6;4.90
2018-01-29 14:00;2018-01-29 15:00;51.8;177.4;7.40
2018-01-29 15:00;2018-01-29 16:00;49.2;167.7;7.30
2018-01-29 16:00;2018-01-29 17:00;51.8;174.0;6.50
2018-01-29 17:00;2018-01-29 18:00;53.9;188.6;6.90
2018-01-29 18:00;2018-01-29 19:00;55.4;171.9;6.00
2018-01-29 19:00;2018-01-29 20:00;46.1;136.2;6.70
2018-01-29 20:00;2018-01-29 21:00;40.4;122.5;4.50
2018-01-29 21:00;2018-01-29 22:00;34.0;94.1;3.90
2018-01-29 22:00;2018-01-29 23:00;24.7;60.8;4.80
2018-01-29 23:00;2018-01-30 00:00;21.6;44.3;3.90
2018-01-30 00:00;2018-01-30 01:00;16.4;37.7;3.90
2018-01-30 01:00;2018-01-30 02:00;19.8;43.4;4.50
2018-01-30 02:00;2018-01-30 03:00;19.6;42.9;4.20
2018-01-30 03:00;2018-01-30 04:00;14.6;22.4;4.10
2018-01-30 04:00;2018-01-30 05:00;14.9;27.9;4.00
2018-01-30 05:00;2018-01-30 06:00;18.7;38.5;3.80
2018-01-30 06:00;2018-01-30 07:00;40.1;84.4;4.60
2018-01-30 07:00;2018-01-30 08:00;52.7;128.9;7.30
2018-01-30 08:00;2018-01-30 09:00;52.3;140.4;8.30
2018-01-30 09:00;2018-01-30 10:00;50.7;138.8;8.60
2018-01-30 10:00;2018-01-30 11:00;47.8;120.8;8.50
2018-01-30 11:00;2018-01-30 12:00;47.8;115.2;7.60
2018-01-30 12:00;2018-01-30 13:00;49.8;132.3;8.10
2018-01-30 13:00;2018-01-30 14:00;46.4;120.1;6.30
2018-01-30 14:00;2018-01-30 15:00;44.4;118.9;8.10
2018-01-30 15:00;2018-01-30 16:00;52.3;139.2;8.40
2018-01-30 16:00;2018-01-30 17:00;51.1;135.7;6.30
2018-01-30 17:00;2018-01-30 18:00;44.9;112.0;7.20
2018-01-30 18:00;2018-01-30 19:00;38.2;86.2;8.00
2018-01-30 19:00;2018-01-30 20:00;34.3;79.2;5.50
2018-01-30 20:00;2018-01-30 21:00;33.2;76.8;6.10
2018-01-30 21:00;2018-01-30 22:00;29.1;57.9;4.00
2018-01-30 22:00;2018-01-30 23:00;30.2;56.4;4.60
2018-01-30 23:00;2018-01-31 00:00;23.0;33.4;4.60
2018-01-31 00:00;2018-01-31 01:00;20.0;29.0;2.70
2018-01-31 01:00;2018-01-31 02:00;16.0;19.5;1.90
2018-01-31 02:00;2018-01-31 03:00;15.0;21.0;1.00
2018-01-31 03:00;2018-01-31 04:00;13.3;17.0;1.30
2018-01-31 04:00;2018-01-31 05:00;10.6;13.7;0.700
2018-01-31 05:00;2018-01-31 06:00;10.2;13.7;0.900
2018-01-31 06:00;2018-01-31 07:00;18.0;26.1;3.40
2018-01-31 07:00;2018-01-31 08:00;33.2;45.4;4.00
2018-01-31 08:00;2018-01-31 09:00;60.6;118.2;6.60
2018-01-31 09:00;2018-01-31 10:00;41.5;73.8;8.00
2018-01-31 10:00;2018-01-31 11:00;43.4;83.8;6.70
2018-01-31 11:00;2018-01-31 12:00;43.9;86.9;6.80
2018-01-31 12:00;2018-01-31 13:00;41.8;70.0;7.50
2018-01-31 13:00;2018-01-31 14:00;39.3;62.2;7.90
2018-01-31 14:00;2018-01-31 15:00;40.3;63.5;6.10
2018-01-31 15:00;2018-01-31 16:00;41.8;61.1;3.30
2018-01-31 16:00;2018-01-31 17:00;31.9;42.0;3.10
2018-01-31 17:00;2018-01-31 18:00;18.2;27.7;1.90
2018-01-31 18:00;2018-01-31 19:00;15.8;23.5;2.10
2018-01-31 19:00;2018-01-31 20:00;12.4;18.1;3.90
2018-01-31 20:00;2018-01-31 21:00;11.1;16.6;3.50
2018-01-31 21:00;2018-01-31 22:00;10.4;15.5;2.50
2018-01-31 22:00;2018-01-31 23:00;10.7;15.6;1.30
2018-01-31 23:00;2018-02-01 00:00;10.9;15.8;1.20
2018-02-01 00:00;2018-02-01 01:00;9.90;12.1;1.40
2018-02-01 01:00;2018-02-01 02:00;14.2;17.7;3.50
2018-02-01 02:00;2018-02-01 03:00;11.7;14.7;4.30
2018-02-01 03:00;2018-02-01 04:00;9.70;12.4;2.20
2018-02-01 04:00;2018-02-01 05:00;14.6;18.3;2.10
2018-02-01 05:00;2018-02-01 06:00;16.7;24.7;8.30
2018-02-01 06:00;2018-02-01 07:00;30.2;64.8;3.30
2018-02-01 07:00;2018-02-01 08:00;56.2;131.3;3.80
2018-02-01 08:00;2018-02-01 09:00;70.4;152.3;8.70
2018-02-01 09:00;2018-02-01 10:00;56.6;95.8;9.50
2018-02-01 10:00;2018-02-01 11:00;43.0;73.1;7.00
2018-02-01 11:00;2018-02-01 12:00;34.0;62.2;5.80
2018-02-01 12:00;2018-02-01 13:00;34.2;55.3;6.50
2018-02-01 13:00;2018-02-01 14:00;38.7;62.3;6.60
2018-02-01 14:00;2018-02-01 15:00;38.7;63.8;6.70
2018-02-01 15:00;2018-02-01 16:00;40.2;72.4;8.80
2018-02-01 16:00;2018-02-01 17:00;45.8;82.4;9.70
2018-02-01 17:00;2018-02-01 18:00;44.5;78.6;9.70
2018-02-01 18:00;2018-02-01 19:00;38.1;69.5;6.40
2018-02-01 19:00;2018-02-01 20:00;44.4;76.6;7.40
2018-02-01 20:00;2018-02-01 21:00;34.8;52.3;7.60
2018-02-01 21:00;2018-02-01 22:00;35.9;68.2;7.20
2018-02-01 22:00;2018-02-01 23:00;25.0;38.7;5.50
2018-02-01 23:00;2018-02-02 00:00;20.3;32.6;5.00
2018-02-02 00:00;2018-02-02 01:00;17.5;33.7;2.10
2018-02-02 01:00;2018-02-02 02:00;22.0;49.3;2.50
2018-02-02 02:00;2018-02-02 03:00;17.1;39.8;2.60
2018-02-02 03:00;2018-02-02 04:00;12.6;23.4;1.50
2018-02-02 04:00;2018-02-02 05:00;15.6;40.9;2.00
2018-02-02 05:00;2018-02-02 06:00;19.5;37.7;1.50
2018-02-02 06:00;2018-02-02 07:00;34.5;83.6;6.70
2018-02-02 07:00;2018-02-02 08:00;58.3;181.1;12.0
2018-02-02 08:00;2018-02-02 09:00;70.4;234.2;23.5
2018-02-02 09:00;2018-02-02 10:00;59.7;210.2;13.1
2018-02-02 10:00;2018-02-02 11:00;68.4;256.1;12.8
2018-02-02 11:00;2018-02-02 12:00;70.1;272.2;32.8
2018-02-02 12:00;2018-02-02 13:00;63.8;235.5;34.0
2018-02-02 13:00;2018-02-02 14:00;63.8;243.1;9.50
2018-02-02 14:00;2018-02-02 15:00;59.0;209.1;7.10
2018-02-02 15:00;2018-02-02 16:00;57.8;211.7;12.4
2018-02-02 16:00;2018-02-02 17:00;47.1;138.7;11.6
2018-02-02 17:00;2018-02-02 18:00;46.4;141.7;11.2
2018-02-02 18:00;2018-02-02 19:00;38.5;132.4;9.80
2018-02-02 19:00;2018-02-02 20:00;27.3;67.1;7.40
2018-02-02 20:00;2018-02-02 21:00;27.6;75.4;6.50
2018-02-02 21:00;2018-02-02 22:00;24.3;61.3;7.20
2018-02-02 22:00;2018-02-02 23:00;27.5;77.5;7.70
2018-02-02 23:00;2018-02-03 00:00;23.3;63.5;6.00
2018-02-03 00:00;2018-02-03 01:00;20.6;53.1;8.30
2018-02-03 01:00;2018-02-03 02:00;20.6;57.8;7.70
2018-02-03 02:00;2018-02-03 03:00;14.6;34.4;6.50
2018-02-03 03:00;2018-02-03 04:00;13.3;32.1;5.30
2018-02-03 04:00;2018-02-03 05:00;8.60;15.5;3.90
2018-02-03 05:00;2018-02-03 06:00;6.90;14.2;4.30
2018-02-03 06:00;2018-02-03 07:00;13.8;26.3;4.50
2018-02-03 07:00;2018-02-03 08:00;12.4;27.5;5.20
2018-02-03 08:00;2018-02-03 09:00;11.7;31.6;5.90
2018-02-03 09:00;2018-02-03 10:00;18.8;61.2;6.90
2018-02-03 10:00;2018-02-03 11:00;26.3;72.1;7.50
2018-02-03 11:00;2018-02-03 12:00;32.0;91.6;9.40
2018-02-03 12:00;2018-02-03 13:00;42.7;119.0;11.1
2018-02-03 13:00;2018-02-03 14:00;38.9;106.0;11.3
2018-02-03 14:00;2018-02-03 15:00;44.7;127.7;12.7
2018-02-03 15:00;2018-02-03 16:00;45.5;138.2;19.6
2018-02-03 16:00;2018-02-03 17:00;39.0;104.6;14.2
2018-02-03 17:00;2018-02-03 18:00;39.6;119.0;15.1
2018-02-03 18:00;2018-02-03 19:00;35.8;100.3;13.4
2018-02-03 19:00;2018-02-03 20:00;33.5;101.5;13.2
2018-02-03 20:00;2018-02-03 21:00;30.5;87.3;13.2
2018-02-03 21:00;2018-02-03 22:00;28.9;76.3;12.1
2018-02-03 22:00;2018-02-03 23:00;31.5;79.6;11.2
2018-02-03 23:00;2018-02-04 00:00;26.1;61.7;8.70
2018-02-04 00:00;2018-02-04 01:00;28.3;79.3;9.00
2018-02-04 01:00;2018-02-04 02:00;24.7;73.4;8.60
2018-02-04 02:00;2018-02-04 03:00;18.6;53.3;7.50
2018-02-04 03:00;2018-02-04 04:00;15.2;37.4;3.40
2018-02-04 04:00;2018-02-04 05:00;8.90;18.2;4.40
2018-02-04 05:00;2018-02-04 06:00;8.10;22.5;4.80
2018-02-04 06:00;2018-02-04 07:00;12.5;21.0;6.00
2018-02-04 07:00;2018-02-04 08:00;11.9;26.0;6.40
2018-02-04 08:00;2018-02-04 09:00;14.9;37.2;6.80
2018-02-04 09:00;2018-02-04 10:00;18.0;51.5;6.20
2018-02-04 10:00;2018-02-04 11:00;31.5;66.4;6.90
2018-02-04 11:00;2018-02-04 12:00;32.4;84.2;7.00
2018-02-04 12:00;2018-02-04 13:00;31.9;73.2;7.20
2018-02-04 13:00;2018-02-04 14:00;39.5;100.3;14.2
2018-02-04 14:00;2018-02-04 15:00;38.1;90.0;10.0
2018-02-04 15:00;2018-02-04 16:00;43.2;106.0;9.30
2018-02-04 16:00;2018-02-04 17:00;50.1;122.5;11.1
2018-02-04 17:00;2018-02-04 18:00;44.6;106.6;13.2
2018-02-04 18:00;2018-02-04 19:00;36.7;84.1;13.5
2018-02-04 19:00;2018-02-04 20:00;38.3;95.1;12.7
2018-02-04 20:00;2018-02-04 21:00;35.1;72.9;12.4
2018-02-04 21:00;2018-02-04 22:00;30.8;59.4;12.4
2018-02-04 22:00;2018-02-04 23:00;28.9;62.4;9.70
2018-02-04 23:00;2018-02-05 00:00;22.1;37.4;9.10
2018-02-05 00:00;2018-02-05 01:00;20.4;37.2;7.80
2018-02-05 01:00;2018-02-05 02:00;23.0;43.4;7.00
2018-02-05 02:00;2018-02-05 03:00;19.2;29.4;6.40
2018-02-05 03:00;2018-02-05 04:00;16.1;29.6;6.10
2018-02-05 04:00;2018-02-05 05:00;14.6;29.4;5.00
2018-02-05 05:00;2018-02-05 06:00;18.4;35.2;5.30
2018-02-05 06:00;2018-02-05 07:00;45.0;107.9;8.20
2018-02-05 07:00;2018-02-05 08:00;67.6;183.3;10.8
2018-02-05 08:00;2018-02-05 09:00;84.1;296.7;14.0
2018-02-05 09:00;2018-02-05 10:00;81.3;244.7;13.6
2018-02-05 10:00;2018-02-05 11:00;73.7;208.0;15.0
2018-02-05 11:00;2018-02-05 12:00;75.1;220.0;18.4
2018-02-05 12:00;2018-02-05 13:00;71.4;200.4;22.5
2018-02-05 13:00;2018-02-05 14:00;56.4;128.8;26.5
2018-02-05 14:00;2018-02-05 15:00;48.7;129.8;61.3
2018-02-05 15:00;2018-02-05 16:00;51.2;126.5;89.5
2018-02-05 16:00;2018-02-05 17:00;60.2;152.3;107.4
2018-02-05 17:00;2018-02-05 18:00;58.3;136.9;65.7
2018-02-05 18:00;2018-02-05 19:00;50.3;106.6;60.4
2018-02-05 19:00;2018-02-05 20:00;55.7;130.8;36.9
2018-02-05 20:00;2018-02-05 21:00;54.1;131.1;26.7
2018-02-05 21:00;2018-02-05 22:00;38.1;86.8;20.3
2018-02-05 22:00;2018-02-05 23:00;41.3;93.3;18.7
2018-02-05 23:00;2018-02-06 00:00;43.1;77.4;18.4
2018-02-06 00:00;2018-02-06 01:00;40.5;57.9;22.2
2018-02-06 01:00;2018-02-06 02:00;40.4;54.1;18.8
2018-02-06 02:00;2018-02-06 03:00;29.1;45.7;16.1
2018-02-06 03:00;2018-02-06 04:00;20.1;32.6;10.7
2018-02-06 04:00;2018-02-06 05:00;18.3;27.1;8.70
2018-02-06 05:00;2018-02-06 06:00;21.1;35.2;12.2
2018-02-06 06:00;2018-02-06 07:00;39.9;81.1;17.1
2018-02-06 07:00;2018-02-06 08:00;60.1;130.0;19.0
2018-02-06 08:00;2018-02-06 09:00;83.5;258.5;23.1
2018-02-06 09:00;2018-02-06 10:00;70.1;192.6;24.6
2018-02-06 10:00;2018-02-06 11:00;53.7;138.5;27.0
2018-02-06 11:00;2018-02-06 12:00;49.7;136.4;34.6
2018-02-06 12:00;2018-02-06 13:00;50.6;128.1;78.7
2018-02-06 13:00;2018-02-06 14:00;37.4;94.8;91.5
2018-02-06 14:00;2018-02-06 15:00;39.1;91.1;79.3
2018-02-06 15:00;2018-02-06 16:00;40.6;104.1;58.8
2018-02-06 16:00;2018-02-06 17:00;39.3;95.5;20.6
2018-02-06 17:00;2018-02-06 18:00;44.1;102.5;14.5
2018-02-06 18:00;2018-02-06 19:00;33.8;85.9;15.8
2018-02-06 19:00;2018-02-06 20:00;33.9;80.2;12.4
2018-02-06 20:00;2018-02-06 21:00;25.9;60.2;6.70
2018-02-06 21:00;2018-02-06 22:00;23.3;48.0;6.80
2018-02-06 22:00;2018-02-06 23:00;18.1;38.0;5.20
2018-02-06 23:00;2018-02-07 00:00;15.7;30.9;4.60
2018-02-07 00:00;2018-02-07 01:00;28.3;375.1;3.50
2018-02-07 01:00;2018-02-07 02:00;28.5;196.8;4.60
2018-02-07 02:00;2018-02-07 03:00;15.6;29.3;3.00
2018-02-07 03:00;2018-02-07 04:00;8.30;13.2;2.60
2018-02-07 04:00;2018-02-07 05:00;11.4;20.0;1.90
2018-02-07 05:00;2018-02-07 06:00;16.7;34.3;2.80
2018-02-07 06:00;2018-02-07 07:00;30.4;86.1;4.80
2018-02-07 07:00;2018-02-07 08:00;47.5;122.4;8.20
2018-02-07 08:00;2018-02-07 09:00;68.8;232.8;13.2
2018-02-07 09:00;2018-02-07 10:00;69.8;212.9;20.4
2018-02-07 10:00;2018-02-07 11:00;59.9;150.4;18.8
2018-02-07 11:00;2018-02-07 12:00;56.0;107.7;13.7
2018-02-07 12:00;2018-02-07 13:00;46.5;89.9;13.5
2018-02-07 13:00;2018-02-07 14:00;37.4;69.3;9.50
2018-02-07 14:00;2018-02-07 15:00;45.6;95.9;11.7
2018-02-07 15:00;2018-02-07 16:00;49.3;92.7;9.30
2018-02-07 16:00;2018-02-07 17:00;53.6;112.4;9.40
2018-02-07 17:00;2018-02-07 18:00;50.4;95.0;9.60
2018-02-07 18:00;2018-02-07 19:00;43.5;70.0;8.80
2018-02-07 19:00;2018-02-07 20:00;40.1;64.6;7.90
2018-02-07 20:00;2018-02-07 21:00;33.3;47.5;8.20
2018-02-07 21:00;2018-02-07 22:00;37.1;61.9;8.50
2018-02-07 22:00;2018-02-07 23:00;32.6;47.1;8.50
2018-02-07 23:00;2018-02-08 00:00;35.4;45.1;10.1
2018-02-08 00:00;2018-02-08 01:00;30.7;43.7;7.60
2018-02-08 01:00;2018-02-08 02:00;34.6;57.9;8.70
2018-02-08 02:00;2018-02-08 03:00;32.7;53.5;6.00
2018-02-08 03:00;2018-02-08 04:00;27.1;36.5;5.60
2018-02-08 04:00;2018-02-08 05:00;29.1;40.4;5.50
2018-02-08 05:00;2018-02-08 06:00;26.1;37.7;5.30
2018-02-08 06:00;2018-02-08 07:00;36.7;69.4;5.50
2018-02-08 07:00;2018-02-08 08:00;49.6;99.9;7.70
2018-02-08 08:00;2018-02-08 09:00;52.7;118.8;7.20
2018-02-08 09:00;2018-02-08 10:00;50.4;132.1;7.70
2018-02-08 10:00;2018-02-08 11:00;55.1;122.9;7.70
2018-02-08 11:00;2018-02-08 12:00;48.1;98.3;8.40
2018-02-08 12:00;2018-02-08 13:00;45.9;105.9;10.2
2018-02-08 13:00;2018-02-08 14:00;49.7;111.3;5.70
2018-02-08 14:00;2018-02-08 15:00;55.5;107.8;10.0
2018-02-08 15:00;2018-02-08 16:00;56.3;116.8;7.70
2018-02-08 16:00;2018-02-08 17:00;63.3;108.8;9.70
2018-02-08 17:00;2018-02-08 18:00;57.5;95.3;11.9
2018-02-08 18:00;2018-02-08 19:00;42.0;64.1;10.3
2018-02-08 19:00;2018-02-08 20:00;37.5;58.2;10.0
2018-02-08 20:00;2018-02-08 21:00;37.6;67.1;8.90
2018-02-08 21:00;2018-02-08 22:00;31.0;43.7;6.20
2018-02-08 22:00;2018-02-08 23:00;31.4;43.5;5.50
2018-02-08 23:00;2018-02-09 00:00;27.5;37.6;4.90
2018-02-09 00:00;2018-02-09 01:00;24.6;33.5;4.20
2018-02-09 01:00;2018-02-09 02:00;21.3;30.3;3.60
2018-02-09 02:00;2018-02-09 03:00;16.9;23.0;2.80
2018-02-09 03:00;2018-02-09 04:00;17.6;24.7;3.10
2018-02-09 04:00;2018-02-09 05:00;15.2;19.5;3.40
2018-02-09 05:00;2018-02-09 06:00;15.6;21.7;2.50
2018-02-09 06:00;2018-02-09 07:00;31.7;59.9;4.30
2018-02-09 07:00;2018-02-09 08:00;43.2;78.9;5.30
2018-02-09 08:00;2018-02-09 09:00;52.3;119.9;7.70
2018-02-09 09:00;2018-02-09 10:00;51.0;114.0;7.90
2018-02-09 10:00;2018-02-09 11:00;48.7;104.8;10.4
2018-02-09 11:00;2018-02-09 12:00;50.4;106.0;9.10
2018-02-09 12:00;2018-02-09 13:00;51.4;107.6;7.10
2018-02-09 13:00;2018-02-09 14:00;48.5;84.5;12.8
2018-02-09 14:00;2018-02-09 15:00;46.1;79.6;31.1
2018-02-09 15:00;2018-02-09 16:00;48.4;85.8;37.2
2018-02-09 16:00;2018-02-09 17:00;50.5;81.5;33.0
2018-02-09 17:00;2018-02-09 18:00;63.2;96.8;38.4
2018-02-09 18:00;2018-02-09 19:00;66.3;109.2;46.1
2018-02-09 19:00;2018-02-09 20:00;43.6;64.4;25.6
2018-02-09 20:00;2018-02-09 21:00;40.6;68.4;22.0
2018-02-09 21:00;2018-02-09 22:00;46.4;92.0;19.9
2018-02-09 22:00;2018-02-09 23:00;47.2;86.7;20.3
2018-02-09 23:00;2018-02-10 00:00;53.2;95.3;18.7
2018-02-10 00:00;2018-02-10 01:00;55.4;103.2;20.4
2018-02-10 01:00;2018-02-10 02:00;45.0;88.6;14.0
2018-02-10 02:00;2018-02-10 03:00;49.6;101.9;12.2
2018-02-10 03:00;2018-02-10 04:00;28.0;49.4;9.50
2018-02-10 04:00;2018-02-10 05:00;18.8;24.3;6.00
2018-02-10 05:00;2018-02-10 06:00;22.3;35.6;5.60
2018-02-10 06:00;2018-02-10 07:00;41.7;94.8;7.00
2018-02-10 07:00;2018-02-10 08:00;51.1;152.0;9.90
2018-02-10 08:00;2018-02-10 09:00;29.7;60.6;7.40
2018-02-10 09:00;2018-02-10 10:00;31.3;60.4;8.60
2018-02-10 10:00;2018-02-10 11:00;44.7;91.3;11.3
2018-02-10 11:00;2018-02-10 12:00;38.5;65.4;9.60
2018-02-10 12:00;2018-02-10 13:00;36.6;62.2;7.30
2018-02-10 13:00;2018-02-10 14:00;27.8;43.7;5.80
2018-02-10 14:00;2018-02-10 15:00;25.0;37.1;3.60
2018-02-10 15:00;2018-02-10 16:00;21.5;30.2;4.00
2018-02-10 16:00;2018-02-10 17:00;29.8;49.2;6.90
2018-02-10 17:00;2018-02-10 18:00;28.0;44.6;7.70
2018-02-10 18:00;2018-02-10 19:00;33.9;51.5;12.4
2018-02-10 19:00;2018-02-10 20:00;28.7;45.6;12.6
2018-02-10 20:00;2018-02-10 21:00;28.4;45.1;13.2
2018-02-10 21:00;2018-02-10 22:00;31.0;52.3;15.5
2018-02-10 22:00;2018-02-10 23:00;29.8;54.9;13.3
2018-02-10 23:00;2018-02-11 00:00;24.2;40.7;8.10
2018-02-11 00:00;2018-02-11 01:00;23.6;40.3;8.50
2018-02-11 01:00;2018-02-11 02:00;19.8;33.6;10.6
2018-02-11 02:00;2018-02-11 03:00;20.0;36.8;12.5
2018-02-11 03:00;2018-02-11 04:00;17.5;31.5;8.60
2018-02-11 04:00;2018-02-11 05:00;12.6;18.1;5.90
2018-02-11 05:00;2018-02-11 06:00;8.90;12.2;4.30
2018-02-11 06:00;2018-02-11 07:00;9.30;15.0;2.60
2018-02-11 07:00;2018-02-11 08:00;10.5;13.1;1.80
2018-02-11 08:00;2018-02-11 09:00;13.9;20.3;1.80
2018-02-11 09:00;2018-02-11 10:00;24.2;47.8;6.20
2018-02-11 10:00;2018-02-11 11:00;37.1;71.7;15.6
2018-02-11 11:00;2018-02-11 12:00;53.1;112.2;9.50
2018-02-11 12:00;2018-02-11 13:00;46.1;90.4;13.5
2018-02-11 13:00;2018-02-11 14:00;26.1;36.8;4.30
2018-02-11 14:00;2018-02-11 15:00;30.4;48.3;5.90
2018-02-11 15:00;2018-02-11 16:00;30.5;46.4;5.60
2018-02-11 16:00;2018-02-11 17:00;40.8;70.1;12.1
2018-02-11 17:00;2018-02-11 18:00;34.5;63.2;12.0
2018-02-11 18:00;2018-02-11 19:00;30.9;50.6;11.7
2018-02-11 19:00;2018-02-11 20:00;20.6;30.8;3.70
2018-02-11 20:00;2018-02-11 21:00;18.5;25.7;3.10
2018-02-11 21:00;2018-02-11 22:00;14.7;21.8;5.50
2018-02-11 22:00;2018-02-11 23:00;13.2;23.8;2.70
2018-02-11 23:00;2018-02-12 00:00;10.7;18.3;4.80
2018-02-12 00:00;2018-02-12 01:00;9.70;15.3;5.90
2018-02-12 01:00;2018-02-12 02:00;7.60;12.5;14.4
2018-02-12 02:00;2018-02-12 03:00;6.20;9.40;11.6
2018-02-12 03:00;2018-02-12 04:00;6.10;7.60;10.8
2018-02-12 04:00;2018-02-12 05:00;7.30;11.8;12.0
2018-02-12 05:00;2018-02-12 06:00;9.20;14.0;15.3
2018-02-12 06:00;2018-02-12 07:00;15.5;23.4;20.4
2018-02-12 07:00;2018-02-12 08:00;24.0;41.5;17.7
2018-02-12 08:00;2018-02-12 09:00;32.0;62.5;18.8
2018-02-12 09:00;2018-02-12 10:00;25.6;43.4;17.7
2018-02-12 10:00;2018-02-12 11:00;24.2;43.9;15.0
2018-02-12 11:00;2018-02-12 12:00;19.1;33.1;12.0
2018-02-12 12:00;2018-02-12 13:00;21.4;34.7;11.4
2018-02-12 13:00;2018-02-12 14:00;28.0;45.5;8.10
2018-02-12 14:00;2018-02-12 15:00;29.0;42.4;7.50
2018-02-12 15:00;2018-02-12 16:00;31.5;43.4;8.30
2018-02-12 16:00;2018-02-12 17:00;28.8;39.0;8.10
2018-02-12 17:00;2018-02-12 18:00;22.6;31.6;7.90
2018-02-12 18:00;2018-02-12 19:00;19.1;25.3;8.60
2018-02-12 19:00;2018-02-12 20:00;16.6;22.4;8.20
2018-02-12 20:00;2018-02-12 21:00;14.7;20.7;5.80
2018-02-12 21:00;2018-02-12 22:00;16.1;23.2;3.40
2018-02-12 22:00;2018-02-12 23:00;14.2;20.2;3.60
2018-02-12 23:00;2018-02-13 00:00;12.7;17.1;2.70
2018-02-13 00:00;2018-02-13 01:00;11.6;15.5;4.10
2018-02-13 01:00;2018-02-13 02:00;10.7;15.1;2.80
2018-02-13 02:00;2018-02-13 03:00;9.00;12.7;2.30
2018-02-13 03:00;2018-02-13 04:00;8.10;11.4;2.20
2018-02-13 04:00;2018-02-13 05:00;8.50;11.5;2.70
2018-02-13 05:00;2018-02-13 06:00;9.30;13.3;2.80
2018-02-13 06:00;2018-02-13 07:00;18.1;27.1;3.40
2018-02-13 07:00;2018-02-13 08:00;30.3;50.7;4.50
2018-02-13 08:00;2018-02-13 09:00;30.6;53.4;5.00
2018-02-13 09:00;2018-02-13 10:00;30.8;57.0;6.50
2018-02-13 10:00;2018-02-13 11:00;30.0;52.2;4.60
2018-02-13 11:00;2018-02-13 12:00;27.8;44.8;5.70
2018-02-13 12:00;2018-02-13 13:00;35.0;64.0;
2018-02-13 13:00;2018-02-13 14:00;33.0;60.3;
2018-02-13 14:00;2018-02-13 15:00;29.1;53.4;
2018-02-13 15:00;2018-02-13 16:00;34.6;57.4;11.7
2018-02-13 16:00;2018-02-13 17:00;40.0;62.1;12.3
2018-02-13 17:00;2018-02-13 18:00;58.2;98.6;14.1
2018-02-13 18:00;2018-02-13 19:00;52.4;86.8;14.1
2018-02-13 19:00;2018-02-13 20:00;34.7;45.6;12.3
2018-02-13 20:00;2018-02-13 21:00;33.3;47.2;12.1
2018-02-13 21:00;2018-02-13 22:00;34.0;44.8;13.0
2018-02-13 22:00;2018-02-13 23:00;27.7;36.8;11.4
2018-02-13 23:00;2018-02-14 00:00;21.0;28.0;8.60
2018-02-14 00:00;2018-02-14 01:00;28.7;36.9;7.30
2018-02-14 01:00;2018-02-14 02:00;29.2;38.8;6.70
2018-02-14 02:00;2018-02-14 03:00;29.6;46.3;5.30
2018-02-14 03:00;2018-02-14 04:00;20.2;26.2;4.00
2018-02-14 04:00;2018-02-14 05:00;16.7;21.2;3.50
2018-02-14 05:00;2018-02-14 06:00;17.4;26.0;3.90
2018-02-14 06:00;2018-02-14 07:00;41.2;63.2;5.80
2018-02-14 07:00;2018-02-14 08:00;67.9;143.3;7.50
2018-02-14 08:00;2018-02-14 09:00;68.4;183.6;9.60
2018-02-14 09:00;2018-02-14 10:00;66.1;145.6;8.60
2018-02-14 10:00;2018-02-14 11:00;60.4;125.9;8.30
2018-02-14 11:00;2018-02-14 12:00;50.0;97.9;6.50
2018-02-14 12:00;2018-02-14 13:00;36.6;59.6;8.20
2018-02-14 13:00;2018-02-14 14:00;42.8;70.7;9.40
2018-02-14 14:00;2018-02-14 15:00;45.0;72.0;17.8
2018-02-14 15:00;2018-02-14 16:00;45.4;72.9;41.3
2018-02-14 16:00;2018-02-14 17:00;61.8;105.9;59.0
2018-02-14 17:00;2018-02-14 18:00;68.2;103.4;29.0
2018-02-14 18:00;2018-02-14 19:00;67.1;90.3;21.3
2018-02-14 19:00;2018-02-14 20:00;64.3;81.3;17.3
2018-02-14 20:00;2018-02-14 21:00;53.3;64.8;15.1
2018-02-14 21:00;2018-02-14 22:00;59.6;90.9;16.1
2018-02-14 22:00;2018-02-14 23:00;47.2;62.2;13.2
2018-02-14 23:00;2018-02-15 00:00;34.1;39.6;9.90
2018-02-15 00:00;2018-02-15 01:00;30.4;38.2;10.6
2018-02-15 01:00;2018-02-15 02:00;27.2;32.9;9.50
2018-02-15 02:00;2018-02-15 03:00;23.8;27.3;6.90
2018-02-15 03:00;2018-02-15 04:00;14.3;15.7;6.90
2018-02-15 04:00;2018-02-15 05:00;17.2;20.2;6.60
2018-02-15 05:00;2018-02-15 06:00;28.9;36.5;7.10
2018-02-15 06:00;2018-02-15 07:00;33.6;50.1;8.60
2018-02-15 07:00;2018-02-15 08:00;46.8;67.8;7.30
2018-02-15 08:00;2018-02-15 09:00;53.4;79.4;9.40
2018-02-15 09:00;2018-02-15 10:00;42.6;59.9;10.7
2018-02-15 10:00;2018-02-15 11:00;39.3;65.8;11.1
2018-02-15 11:00;2018-02-15 12:00;34.1;52.8;11.5
2018-02-15 12:00;2018-02-15 13:00;29.8;50.0;13.5
2018-02-15 13:00;2018-02-15 14:00;25.6;37.6;26.5
2018-02-15 14:00;2018-02-15 15:00;25.8;42.7;21.8
2018-02-15 15:00;2018-02-15 16:00;24.3;39.8;14.6
2018-02-15 16:00;2018-02-15 17:00;25.9;40.9;10.7
2018-02-15 17:00;2018-02-15 18:00;21.5;31.1;7.90
2018-02-15 18:00;2018-02-15 19:00;24.7;34.8;9.40
2018-02-15 19:00;2018-02-15 20:00;23.0;31.4;13.1
2018-02-15 20:00;2018-02-15 21:00;22.0;32.9;16.6
2018-02-15 21:00;2018-02-15 22:00;30.4;52.7;21.3
2018-02-15 22:00;2018-02-15 23:00;24.7;33.9;13.5
2018-02-15 23:00;2018-02-16 00:00;19.0;23.8;11.2
2018-02-16 00:00;2018-02-16 01:00;15.1;19.7;11.2
2018-02-16 01:00;2018-02-16 02:00;14.8;20.6;10.0
2018-02-16 02:00;2018-02-16 03:00;10.7;15.4;11.3
2018-02-16 03:00;2018-02-16 04:00;10.3;13.4;10.0
2018-02-16 04:00;2018-02-16 05:00;11.4;17.9;10.2
2018-02-16 05:00;2018-02-16 06:00;17.9;24.9;8.90
2018-02-16 06:00;2018-02-16 07:00;30.3;49.1;11.1
2018-02-16 07:00;2018-02-16 08:00;46.0;80.4;16.4
2018-02-16 08:00;2018-02-16 09:00;60.9;130.9;18.1
2018-02-16 09:00;2018-02-16 10:00;57.1;118.5;19.4
2018-02-16 10:00;2018-02-16 11:00;44.4;85.5;15.0
2018-02-16 11:00;2018-02-16 12:00;34.1;54.7;8.00
2018-02-16 12:00;2018-02-16 13:00;25.6;40.4;11.2
2018-02-16 13:00;2018-02-16 14:00;24.3;41.3;12.3
2018-02-16 14:00;2018-02-16 15:00;27.7;49.3;13.6
2018-02-16 15:00;2018-02-16 16:00;32.5;52.6;15.2
2018-02-16 16:00;2018-02-16 17:00;40.7;77.0;19.7
2018-02-16 17:00;2018-02-16 18:00;41.9;82.8;18.2
2018-02-16 18:00;2018-02-16 19:00;61.8;141.5;22.2
2018-02-16 19:00;2018-02-16 20:00;58.6;111.0;20.4
2018-02-16 20:00;2018-02-16 21:00;48.0;88.4;17.9
2018-02-16 21:00;2018-02-16 22:00;45.3;91.6;14.2
2018-02-16 22:00;2018-02-16 23:00;45.9;103.5;14.2
2018-02-16 23:00;2018-02-17 00:00;42.8;93.0;14.1
2018-02-17 00:00;2018-02-17 01:00;41.7;90.2;14.3
2018-02-17 01:00;2018-02-17 02:00;44.5;96.9;15.8
2018-02-17 02:00;2018-02-17 03:00;34.7;67.3;15.8
2018-02-17 03:00;2018-02-17 04:00;29.2;64.2;13.8
2018-02-17 04:00;2018-02-17 05:00;18.3;26.3;11.5
2018-02-17 05:00;2018-02-17 06:00;19.9;32.2;12.4
2018-02-17 06:00;2018-02-17 07:00;23.5;45.2;14.7
2018-02-17 07:00;2018-02-17 08:00;27.4;44.0;15.1
2018-02-17 08:00;2018-02-17 09:00;31.4;58.8;16.1
2018-02-17 09:00;2018-02-17 10:00;39.9;86.6;18.2
2018-02-17 10:00;2018-02-17 11:00;45.4;99.4;15.4
2018-02-17 11:00;2018-02-17 12:00;49.8;109.3;15.0
2018-02-17 12:00;2018-02-17 13:00;55.4;131.2;15.4
2018-02-17 13:00;2018-02-17 14:00;59.5;141.6;14.3
2018-02-17 14:00;2018-02-17 15:00;56.5;112.9;17.3
2018-02-17 15:00;2018-02-17 16:00;65.9;129.1;25.6
2018-02-17 16:00;2018-02-17 17:00;64.6;124.3;19.5
2018-02-17 17:00;2018-02-17 18:00;48.6;87.3;17.7
2018-02-17 18:00;2018-02-17 19:00;46.2;89.6;24.9
2018-02-17 19:00;2018-02-17 20:00;41.5;89.3;25.5
2018-02-17 20:00;2018-02-17 21:00;39.1;86.4;22.1
2018-02-17 21:00;2018-02-17 22:00;41.8;91.5;18.0
2018-02-17 22:00;2018-02-17 23:00;38.2;82.8;17.9
2018-02-17 23:00;2018-02-18 00:00;36.4;71.8;16.8
2018-02-18 00:00;2018-02-18 01:00;33.3;62.8;15.7
2018-02-18 01:00;2018-02-18 02:00;31.0;61.4;18.6
2018-02-18 02:00;2018-02-18 03:00;24.2;44.0;15.6
2018-02-18 03:00;2018-02-18 04:00;25.6;48.1;15.7
2018-02-18 04:00;2018-02-18 05:00;18.7;32.9;13.0
2018-02-18 05:00;2018-02-18 06:00;12.9;21.0;11.2
2018-02-18 06:00;2018-02-18 07:00;12.5;23.1;10.7
2018-02-18 07:00;2018-02-18 08:00;14.7;28.0;10.4
2018-02-18 08:00;2018-02-18 09:00;15.2;29.3;9.30
2018-02-18 09:00;2018-02-18 10:00;18.3;42.9;10.3
2018-02-18 10:00;2018-02-18 11:00;28.3;71.1;15.7
2018-02-18 11:00;2018-02-18 12:00;34.6;91.0;14.0
2018-02-18 12:00;2018-02-18 13:00;38.2;87.4;10.3
2018-02-18 13:00;2018-02-18 14:00;43.4;103.8;7.30
2018-02-18 14:00;2018-02-18 15:00;41.9;90.6;9.00
2018-02-18 15:00;2018-02-18 16:00;50.5;112.6;11.5
2018-02-18 16:00;2018-02-18 17:00;52.1;123.7;11.6
2018-02-18 17:00;2018-02-18 18:00;52.3;99.2;10.1
2018-02-18 18:00;2018-02-18 19:00;51.9;94.5;11.0
2018-02-18 19:00;2018-02-18 20:00;63.3;153.7;13.2
2018-02-18 20:00;2018-02-18 21:00;56.7;115.2;13.5
2018-02-18 21:00;2018-02-18 22:00;46.9;81.4;13.1
2018-02-18 22:00;2018-02-18 23:00;37.8;57.7;10.1
2018-02-18 23:00;2018-02-19 00:00;27.2;36.8;7.30
2018-02-19 00:00;2018-02-19 01:00;20.5;25.0;6.90
2018-02-19 01:00;2018-02-19 02:00;22.6;31.0;5.20
2018-02-19 02:00;2018-02-19 03:00;17.7;25.7;2.10
2018-02-19 03:00;2018-02-19 04:00;13.7;21.7;3.20
2018-02-19 04:00;2018-02-19 05:00;15.6;24.7;4.30
2018-02-19 05:00;2018-02-19 06:00;19.8;37.4;7.10
2018-02-19 06:00;2018-02-19 07:00;39.2;80.8;8.50
2018-02-19 07:00;2018-02-19 08:00;55.1;125.6;12.2
2018-02-19 08:00;2018-02-19 09:00;51.5;126.3;14.9
2018-02-19 09:00;2018-02-19 10:00;46.5;125.7;18.2
2018-02-19 10:00;2018-02-19 11:00;51.1;137.9;18.0
2018-02-19 11:00;2018-02-19 12:00;52.5;158.8;17.1
2018-02-19 12:00;2018-02-19 13:00;48.6;147.3;18.3
2018-02-19 13:00;2018-02-19 14:00;54.0;138.5;15.0
2018-02-19 14:00;2018-02-19 15:00;56.5;152.6;15.4
2018-02-19 15:00;2018-02-19 16:00;56.2;145.0;16.4
2018-02-19 16:00;2018-02-19 17:00;44.9;118.4;14.6
2018-02-19 17:00;2018-02-19 18:00;56.8;159.4;15.0
2018-02-19 18:00;2018-02-19 19:00;47.9;117.9;17.1
2018-02-19 19:00;2018-02-19 20:00;35.8;85.6;17.5
2018-02-19 20:00;2018-02-19 21:00;36.5;94.1;14.4
2018-02-19 21:00;2018-02-19 22:00;32.3;73.7;14.4
2018-02-19 22:00;2018-02-19 23:00;26.0;51.1;15.3
2018-02-19 23:00;2018-02-20 00:00;22.7;43.1;14.9
2018-02-20 00:00;2018-02-20 01:00;17.5;30.0;12.5
2018-02-20 01:00;2018-02-20 02:00;17.7;33.3;11.9
2018-02-20 02:00;2018-02-20 03:00;15.6;26.9;11.4
2018-02-20 03:00;2018-02-20 04:00;16.1;24.5;10.9
2018-02-20 04:00;2018-02-20 05:00;13.0;19.1;10.1
2018-02-20 05:00;2018-02-20 06:00;17.7;36.2;11.1
2018-02-20 06:00;2018-02-20 07:00;41.5;103.9;12.8
2018-02-20 07:00;2018-02-20 08:00;61.1;165.5;15.0
2018-02-20 08:00;2018-02-20 09:00;80.6;285.7;18.1
2018-02-20 09:00;2018-02-20 10:00;70.9;222.2;17.0
2018-02-20 10:00;2018-02-20 11:00;73.0;229.4;15.9
2018-02-20 11:00;2018-02-20 12:00;67.0;189.6;16.0
2018-02-20 12:00;2018-02-20 13:00;73.6;215.8;13.8
2018-02-20 13:00;2018-02-20 14:00;73.2;202.6;15.2
2018-02-20 14:00;2018-02-20 15:00;65.2;160.2;14.5
2018-02-20 15:00;2018-02-20 16:00;67.6;172.8;18.1
2018-02-20 16:00;2018-02-20 17:00;74.2;196.7;16.2
2018-02-20 17:00;2018-02-20 18:00;74.2;193.3;12.8
2018-02-20 18:00;2018-02-20 19:00;71.1;159.9;15.1
2018-02-20 19:00;2018-02-20 20:00;62.5;146.7;17.3
2018-02-20 20:00;2018-02-20 21:00;58.4;141.2;13.6
2018-02-20 21:00;2018-02-20 22:00;50.7;103.0;15.8
2018-02-20 22:00;2018-02-20 23:00;43.6;92.5;12.7
2018-02-20 23:00;2018-02-21 00:00;40.2;72.1;10.3
2018-02-21 00:00;2018-02-21 01:00;37.4;58.4;11.9
2018-02-21 01:00;2018-02-21 02:00;27.9;45.1;9.80
2018-02-21 02:00;2018-02-21 03:00;23.3;36.6;8.50
2018-02-21 03:00;2018-02-21 04:00;22.4;31.9;7.90
2018-02-21 04:00;2018-02-21 05:00;20.5;30.0;6.70
2018-02-21 05:00;2018-02-21 06:00;27.9;54.8;7.90
2018-02-21 06:00;2018-02-21 07:00;55.8;146.3;9.00
2018-02-21 07:00;2018-02-21 08:00;82.5;242.8;12.2
2018-02-21 08:00;2018-02-21 09:00;86.8;267.1;13.5
2018-02-21 09:00;2018-02-21 10:00;71.5;204.5;12.5
2018-02-21 10:00;2018-02-21 11:00;80.6;222.8;19.2
2018-02-21 11:00;2018-02-21 12:00;67.6;209.3;13.3
2018-02-21 12:00;2018-02-21 13:00;71.4;207.3;10.0
2018-02-21 13:00;2018-02-21 14:00;74.6;249.0;12.8
2018-02-21 14:00;2018-02-21 15:00;67.5;187.6;16.6
2018-02-21 15:00;2018-02-21 16:00;69.1;190.5;17.3
2018-02-21 16:00;2018-02-21 17:00;62.3;152.3;14.7
2018-02-21 17:00;2018-02-21 18:00;61.0;154.2;11.9
2018-02-21 18:00;2018-02-21 19:00;63.1;143.1;12.2
2018-02-21 19:00;2018-02-21 20:00;59.5;131.3;12.4
2018-02-21 20:00;2018-02-21 21:00;53.2;125.9;12.1
2018-02-21 21:00;2018-02-21 22:00;52.0;114.1;11.7
2018-02-21 22:00;2018-02-21 23:00;48.3;85.3;10.9
2018-02-21 23:00;2018-02-22 00:00;45.5;82.6;9.70
2018-02-22 00:00;2018-02-22 01:00;50.9;129.6;10.1
2018-02-22 01:00;2018-02-22 02:00;52.3;80.4;10.8
2018-02-22 02:00;2018-02-22 03:00;42.3;61.4;9.00
2018-02-22 03:00;2018-02-22 04:00;36.3;49.6;9.10
2018-02-22 04:00;2018-02-22 05:00;37.2;50.3;7.70
2018-02-22 05:00;2018-02-22 06:00;29.3;35.6;6.60
2018-02-22 06:00;2018-02-22 07:00;55.1;146.8;8.50
2018-02-22 07:00;2018-02-22 08:00;72.8;177.3;12.0
2018-02-22 08:00;2018-02-22 09:00;85.3;244.7;15.7
2018-02-22 09:00;2018-02-22 10:00;100.7;414.7;22.6
2018-02-22 10:00;2018-02-22 11:00;101.6;388.3;27.9
2018-02-22 11:00;2018-02-22 12:00;84.0;234.8;22.6
2018-02-22 12:00;2018-02-22 13:00;72.0;183.0;19.2
2018-02-22 13:00;2018-02-22 14:00;71.2;175.9;17.6
2018-02-22 14:00;2018-02-22 15:00;64.9;150.0;13.2
2018-02-22 15:00;2018-02-22 16:00;58.1;126.8;14.4
2018-02-22 16:00;2018-02-22 17:00;67.1;160.6;28.1
2018-02-22 17:00;2018-02-22 18:00;67.3;151.4;36.3
2018-02-22 18:00;2018-02-22 19:00;69.3;152.1;37.3
2018-02-22 19:00;2018-02-22 20:00;59.4;106.8;30.9
2018-02-22 20:00;2018-02-22 21:00;45.6;86.6;20.1
2018-02-22 21:00;2018-02-22 22:00;40.5;92.2;16.0
2018-02-22 22:00;2018-02-22 23:00;37.6;75.8;15.9
2018-02-22 23:00;2018-02-23 00:00;27.6;46.2;14.6
2018-02-23 00:00;2018-02-23 01:00;26.2;51.7;13.4
2018-02-23 01:00;2018-02-23 02:00;35.9;66.8;16.2
2018-02-23 02:00;2018-02-23 03:00;22.7;41.6;9.40
2018-02-23 03:00;2018-02-23 04:00;18.3;39.5;9.40
2018-02-23 04:00;2018-02-23 05:00;16.4;26.6;6.40
2018-02-23 05:00;2018-02-23 06:00;20.8;43.0;12.6
2018-02-23 06:00;2018-02-23 07:00;39.2;93.5;11.4
2018-02-23 07:00;2018-02-23 08:00;61.7;183.4;13.2
2018-02-23 08:00;2018-02-23 09:00;67.2;213.3;15.7
2018-02-23 09:00;2018-02-23 10:00;66.7;207.9;13.9
2018-02-23 10:00;2018-02-23 11:00;64.6;211.5;14.0
2018-02-23 11:00;2018-02-23 12:00;60.8;170.7;9.50
2018-02-23 12:00;2018-02-23 13:00;57.4;165.2;3.90
2018-02-23 13:00;2018-02-23 14:00;66.6;193.8;11.9
2018-02-23 14:00;2018-02-23 15:00;75.9;217.8;11.8
2018-02-23 15:00;2018-02-23 16:00;66.1;167.1;8.40
2018-02-23 16:00;2018-02-23 17:00;71.3;186.4;6.00
2018-02-23 17:00;2018-02-23 18:00;67.5;158.7;7.90
2018-02-23 18:00;2018-02-23 19:00;61.8;143.9;10.4
2018-02-23 19:00;2018-02-23 20:00;50.9;108.3;10.7
2018-02-23 20:00;2018-02-23 21:00;47.8;117.3;12.7
2018-02-23 21:00;2018-02-23 22:00;56.7;162.9;11.8
2018-02-23 22:00;2018-02-23 23:00;48.7;126.5;13.0
2018-02-23 23:00;2018-02-24 00:00;48.6;141.4;14.6
2018-02-24 00:00;2018-02-24 01:00;38.0;92.2;11.9
2018-02-24 01:00;2018-02-24 02:00;38.3;102.0;11.7
2018-02-24 02:00;2018-02-24 03:00;29.7;71.9;11.1
2018-02-24 03:00;2018-02-24 04:00;23.1;44.5;11.6
2018-02-24 04:00;2018-02-24 05:00;19.1;33.1;7.90
2018-02-24 05:00;2018-02-24 06:00;16.5;47.6;7.80
2018-02-24 06:00;2018-02-24 07:00;17.8;29.5;7.00
2018-02-24 07:00;2018-02-24 08:00;18.4;30.6;6.20
2018-02-24 08:00;2018-02-24 09:00;26.1;69.8;6.00
2018-02-24 09:00;2018-02-24 10:00;33.4;79.8;6.10
2018-02-24 10:00;2018-02-24 11:00;51.7;138.3;8.10
2018-02-24 11:00;2018-02-24 12:00;42.0;117.4;10.6
2018-02-24 12:00;2018-02-24 13:00;46.0;123.1;9.70
2018-02-24 13:00;2018-02-24 14:00;53.6;137.0;10.8
2018-02-24 14:00;2018-02-24 15:00;53.2;152.3;18.9
2018-02-24 15:00;2018-02-24 16:00;55.6;139.2;16.4
2018-02-24 16:00;2018-02-24 17:00;52.8;136.7;14.0
2018-02-24 17:00;2018-02-24 18:00;52.7;119.8;13.5
2018-02-24 18:00;2018-02-24 19:00;51.1;111.9;14.4
2018-02-24 19:00;2018-02-24 20:00;45.1;114.4;15.7
2018-02-24 20:00;2018-02-24 21:00;41.8;115.0;17.9
2018-02-24 21:00;2018-02-24 22:00;41.4;126.1;16.0
2018-02-24 22:00;2018-02-24 23:00;40.5;124.8;15.8
2018-02-24 23:00;2018-02-25 00:00;39.8;104.1;16.2
2018-02-25 00:00;2018-02-25 01:00;37.9;96.0;15.7
2018-02-25 01:00;2018-02-25 02:00;30.1;77.4;14.4
2018-02-25 02:00;2018-02-25 03:00;33.9;98.3;17.0
2018-02-25 03:00;2018-02-25 04:00;30.3;73.0;16.5
2018-02-25 04:00;2018-02-25 05:00;15.5;30.8;14.7
2018-02-25 05:00;2018-02-25 06:00;11.5;19.0;10.0
2018-02-25 06:00;2018-02-25 07:00;12.6;20.7;9.30
2018-02-25 07:00;2018-02-25 08:00;15.4;34.0;8.20
2018-02-25 08:00;2018-02-25 09:00;14.6;31.9;7.20
2018-02-25 09:00;2018-02-25 10:00;21.8;60.4;8.50
2018-02-25 10:00;2018-02-25 11:00;30.9;75.7;13.4
2018-02-25 11:00;2018-02-25 12:00;37.9;92.4;22.1
2018-02-25 12:00;2018-02-25 13:00;42.8;102.7;28.9
2018-02-25 13:00;2018-02-25 14:00;47.5;118.7;31.6
2018-02-25 14:00;2018-02-25 15:00;48.8;121.9;14.9
2018-02-25 15:00;2018-02-25 16:00;45.6;109.0;10.2
2018-02-25 16:00;2018-02-25 17:00;48.0;109.3;9.10
2018-02-25 17:00;2018-02-25 18:00;45.0;102.1;9.80
2018-02-25 18:00;2018-02-25 19:00;34.5;70.5;10.0
2018-02-25 19:00;2018-02-25 20:00;29.4;68.7;8.60
2018-02-25 20:00;2018-02-25 21:00;31.5;72.5;11.3
2018-02-25 21:00;2018-02-25 22:00;21.6;41.5;12.0
2018-02-25 22:00;2018-02-25 23:00;22.9;49.5;9.40
2018-02-25 23:00;2018-02-26 00:00;19.4;35.8;8.20
2018-02-26 00:00;2018-02-26 01:00;16.8;32.9;8.90
2018-02-26 01:00;2018-02-26 02:00;12.6;19.5;7.40
2018-02-26 02:00;2018-02-26 03:00;15.2;25.7;5.70
2018-02-26 03:00;2018-02-26 04:00;14.1;20.0;6.70
2018-02-26 04:00;2018-02-26 05:00;16.2;27.7;6.20
2018-02-26 05:00;2018-02-26 06:00;20.9;34.9;6.50
2018-02-26 06:00;2018-02-26 07:00;39.9;82.3;7.70
2018-02-26 07:00;2018-02-26 08:00;61.9;146.9;9.80
2018-02-26 08:00;2018-02-26 09:00;71.8;203.5;12.7
2018-02-26 09:00;2018-02-26 10:00;63.3;163.6;12.9
2018-02-26 10:00;2018-02-26 11:00;60.3;165.9;8.40
2018-02-26 11:00;2018-02-26 12:00;65.0;180.8;8.90
2018-02-26 12:00;2018-02-26 13:00;70.3;199.9;9.90
2018-02-26 13:00;2018-02-26 14:00;64.9;202.5;2.20
2018-02-26 14:00;2018-02-26 15:00;54.7;134.3;5.20
2018-02-26 15:00;2018-02-26 16:00;58.6;134.4;5.10
2018-02-26 16:00;2018-02-26 17:00;52.5;120.3;5.20
2018-02-26 17:00;2018-02-26 18:00;48.5;100.9;5.50
2018-02-26 18:00;2018-02-26 19:00;46.5;104.6;5.70
2018-02-26 19:00;2018-02-26 20:00;30.3;62.9;3.20
2018-02-26 20:00;2018-02-26 21:00;31.7;72.8;2.70
2018-02-26 21:00;2018-02-26 22:00;29.3;71.2;4.80
2018-02-26 22:00;2018-02-26 23:00;23.0;52.5;3.60
2018-02-26 23:00;2018-02-27 00:00;20.9;66.9;4.80
2018-02-27 00:00;2018-02-27 01:00;12.2;25.8;2.20
2018-02-27 01:00;2018-02-27 02:00;9.30;17.0;3.70
2018-02-27 02:00;2018-02-27 03:00;13.0;27.3;5.50
2018-02-27 03:00;2018-02-27 04:00;9.60;15.2;6.80
2018-02-27 04:00;2018-02-27 05:00;8.00;14.5;9.50
2018-02-27 05:00;2018-02-27 06:00;8.40;17.1;4.60
2018-02-27 06:00;2018-02-27 07:00;22.9;67.4;9.70
2018-02-27 07:00;2018-02-27 08:00;37.8;120.5;9.20
2018-02-27 08:00;2018-02-27 09:00;39.1;125.1;10.0
2018-02-27 09:00;2018-02-27 10:00;35.4;113.7;10.0
2018-02-27 10:00;2018-02-27 11:00;37.0;118.1;11.1
2018-02-27 11:00;2018-02-27 12:00;31.5;108.9;9.70
2018-02-27 12:00;2018-02-27 13:00;30.8;96.2;8.60
2018-02-27 13:00;2018-02-27 14:00;36.2;114.4;9.00
2018-02-27 14:00;2018-02-27 15:00;38.9;129.4;9.50
2018-02-27 15:00;2018-02-27 16:00;39.8;120.3;11.0
2018-02-27 16:00;2018-02-27 17:00;39.0;108.7;10.1
2018-02-27 17:00;2018-02-27 18:00;36.0;94.3;10.3
2018-02-27 18:00;2018-02-27 19:00;32.5;90.7;14.4
2018-02-27 19:00;2018-02-27 20:00;29.3;77.2;12.1
2018-02-27 20:00;2018-02-27 21:00;20.4;59.5;11.6
2018-02-27 21:00;2018-02-27 22:00;19.9;63.8;12.7
2018-02-27 22:00;2018-02-27 23:00;14.2;41.6;11.4
2018-02-27 23:00;2018-02-28 00:00;13.7;35.1;9.40
2018-02-28 00:00;2018-02-28 01:00;12.6;26.0;10.4
2018-02-28 01:00;2018-02-28 02:00;10.3;25.5;11.2
2018-02-28 02:00;2018-02-28 03:00;8.10;17.5;11.4
2018-02-28 03:00;2018-02-28 04:00;10.7;29.8;11.3
2018-02-28 04:00;2018-02-28 05:00;8.00;14.4;11.7
2018-02-28 05:00;2018-02-28 06:00;12.7;35.3;13.1
2018-02-28 06:00;2018-02-28 07:00;24.8;68.7;14.3
2018-02-28 07:00;2018-02-28 08:00;40.4;132.1;14.1
2018-02-28 08:00;2018-02-28 09:00;54.0;173.4;15.6
2018-02-28 09:00;2018-02-28 10:00;52.3;154.7;13.7
2018-02-28 10:00;2018-02-28 11:00;52.4;146.6;11.0
2018-02-28 11:00;2018-02-28 12:00;46.2;135.4;11.0
2018-02-28 12:00;2018-02-28 13:00;37.1;112.6;10.6
2018-02-28 13:00;2018-02-28 14:00;36.8;107.6;8.40
2018-02-28 14:00;2018-02-28 15:00;36.3;107.9;7.70
2018-02-28 15:00;2018-02-28 16:00;47.6;126.1;7.60
2018-02-28 16:00;2018-02-28 17:00;53.0;132.5;12.4
2018-02-28 17:00;2018-02-28 18:00;59.6;142.0;12.1
2018-02-28 18:00;2018-02-28 19:00;53.0;105.8;11.0
2018-02-28 19:00;2018-02-28 20:00;54.6;131.5;12.2
2018-02-28 20:00;2018-02-28 21:00;36.9;93.2;13.2
2018-02-28 21:00;2018-02-28 22:00;32.3;80.1;12.0
2018-02-28 22:00;2018-02-28 23:00;34.6;64.9;12.2
2018-02-28 23:00;2018-03-01 00:00;27.0;58.7;11.7
2018-03-01 00:00;2018-03-01 01:00;21.0;57.1;11.0
2018-03-01 01:00;2018-03-01 02:00;23.5;57.4;10.7
2018-03-01 02:00;2018-03-01 03:00;17.3;38.5;8.40
2018-03-01 03:00;2018-03-01 04:00;12.8;21.1;8.00
2018-03-01 04:00;2018-03-01 05:00;13.7;23.1;8.40
2018-03-01 05:00;2018-03-01 06:00;17.1;36.7;7.90
2018-03-01 06:00;2018-03-01 07:00;38.0;100.7;10.1
2018-03-01 07:00;2018-03-01 08:00;52.5;148.2;11.7
2018-03-01 08:00;2018-03-01 09:00;69.3;254.1;14.3
2018-03-01 09:00;2018-03-01 10:00;57.9;192.9;13.6
2018-03-01 10:00;2018-03-01 11:00;61.8;220.0;13.5
2018-03-01 11:00;2018-03-01 12:00;62.3;189.6;12.8
2018-03-01 12:00;2018-03-01 13:00;62.7;212.9;10.6
2018-03-01 13:00;2018-03-01 14:00;49.5;134.4;7.60
2018-03-01 14:00;2018-03-01 15:00;47.2;133.6;8.10
2018-03-01 15:00;2018-03-01 16:00;55.1;138.8;8.60
2018-03-01 16:00;2018-03-01 17:00;57.4;150.5;10.1
2018-03-01 17:00;2018-03-01 18:00;65.5;184.0;11.6
2018-03-01 18:00;2018-03-01 19:00;74.1;202.8;13.2
2018-03-01 19:00;2018-03-01 20:00;56.8;128.3;10.3
2018-03-01 20:00;2018-03-01 21:00;45.7;104.6;7.30
2018-03-01 21:00;2018-03-01 22:00;41.5;105.1;6.30
2018-03-01 22:00;2018-03-01 23:00;37.3;80.7;6.80
2018-03-01 23:00;2018-03-02 00:00;33.4;83.6;4.50
2018-03-02 00:00;2018-03-02 01:00;39.6;111.1;4.30
2018-03-02 01:00;2018-03-02 02:00;31.6;63.1;2.50
2018-03-02 02:00;2018-03-02 03:00;29.0;69.5;2.90
2018-03-02 03:00;2018-03-02 04:00;17.9;29.1;2.40
2018-03-02 04:00;2018-03-02 05:00;20.2;30.0;2.50
2018-03-02 05:00;2018-03-02 06:00;22.9;37.5;3.20
2018-03-02 06:00;2018-03-02 07:00;42.9;90.8;4.20
2018-03-02 07:00;2018-03-02 08:00;65.0;159.8;6.00
2018-03-02 08:00;2018-03-02 09:00;67.7;173.5;8.00
2018-03-02 09:00;2018-03-02 10:00;74.9;219.4;9.90
2018-03-02 10:00;2018-03-02 11:00;77.6;261.8;11.1
2018-03-02 11:00;2018-03-02 12:00;62.4;184.4;11.7
